2025-03-09 14:06:17.676 [trace] Remote configuration data at /var/lib/odoo/.vscode-remote
2025-03-09 14:06:17.676 [trace] process arguments: {"_":[],"host":"127.0.0.1","port":"0","connection-token-file":"/var/lib/odoo/.vscode-remote/data/Machine/.connection-token-6609ac3d66f4eade5cf376d1cb76f13985724bcb","without-connection-token":false,"disable-websocket-compression":false,"print-startup-performance":false,"print-ip-address":false,"accept-server-license-terms":true,"server-data-dir":"/var/lib/odoo/.vscode-remote","enable-smoke-test-driver":false,"disable-telemetry":false,"disable-workspace-trust":false,"log":["trace"],"force-disable-user-env":true,"enable-sync":false,"use-test-resolver":false,"extensions-download-dir":"/var/lib/odoo/.vscode-remote/extensionsCache","install-extension":["ms-python.vscode-pylance","ms-python.python","charliermarsh.ruff"],"install-builtin-extension":["GitHub.codespaces","GitHub.vscode-pull-request-github"],"update-extensions":false,"list-extensions":false,"show-versions":false,"force":false,"do-not-sync":true,"do-not-include-pack-dependencies":false,"pre-release":false,"start-server":true,"enable-remote-auto-shutdown":true,"remote-auto-shutdown-without-delay":false,"use-host-proxy":false,"without-browser-env-var":false,"help":false,"version":false,"user-data-dir":"/var/lib/odoo/.vscode-remote/data","builtin-extensions-dir":"/vscode/bin/linux-x64/6609ac3d66f4eade5cf376d1cb76f13985724bcb/extensions","extensions-dir":"/var/lib/odoo/.vscode-remote/extensions","logsPath":"/var/lib/odoo/.vscode-remote/data/logs/20250309T140617"}
2025-03-09 14:06:17.676 [info] 




2025-03-09 14:06:17.676 [trace] [File Watcher (node.js)] Request to start watching: /var/lib/odoo/.vscode-remote/data/Machine (excludes: <none>, includes: <all>, filter: <none>, correlationId: <none>),/var/lib/odoo/.vscode-remote/data/Machine/settings.json (excludes: <none>, includes: <all>, filter: <none>, correlationId: <none>)
2025-03-09 14:06:17.676 [trace] [File Watcher (node.js)] ignoring a path for watching who's stat info failed to resolve: /var/lib/odoo/.vscode-remote/data/Machine/settings.json (error: Error: ENOENT: no such file or directory, stat '/var/lib/odoo/.vscode-remote/data/Machine/settings.json')
2025-03-09 14:06:17.676 [trace] [File Watcher (node.js)] starting fs.watchFile() on /var/lib/odoo/.vscode-remote/data/Machine/settings.json (correlationId: undefined)
2025-03-09 14:06:17.677 [trace] [File Watcher (node.js)] Started watching: '/var/lib/odoo/.vscode-remote/data/Machine'
2025-03-09 14:06:17.685 [trace] Installing builtin extensions passed via args...
2025-03-09 14:06:17.686 [trace] Started scanning system extensions
2025-03-09 14:06:17.687 [trace] Started scanning user extensions {"$mid":1,"external":"file:///var/lib/odoo/.vscode-remote/extensions/extensions.json","path":"/var/lib/odoo/.vscode-remote/extensions/extensions.json","scheme":"file"}
2025-03-09 14:06:17.687 [trace] Installing extensions passed via args...
2025-03-09 14:06:17.689 [info] Extension host agent started.
2025-03-09 14:06:17.730 [trace] [File Watcher (node.js)] Request to start watching: /var/lib/odoo/.vscode-remote/extensions (excludes: <none>, includes: <all>, filter: <none>, correlationId: <none>)
2025-03-09 14:06:17.730 [trace] [File Watcher (node.js)] Request to stop watching: /var/lib/odoo/.vscode-remote/data/Machine/settings.json (excludes: <none>, includes: <all>, filter: <none>, correlationId: <none>)
2025-03-09 14:06:17.730 [trace] [File Watcher (node.js)] stopping file watcher (/var/lib/odoo/.vscode-remote/data/Machine/settings.json (excludes: <none>, includes: <all>, filter: <none>, correlationId: <none>))
2025-03-09 14:06:17.731 [debug] Error while reading the extension cache file: /var/lib/odoo/.vscode-remote/data/CachedProfilesData/__default__profile__/extensions.builtin.cache Unable to read file '/var/lib/odoo/.vscode-remote/data/CachedProfilesData/__default__profile__/extensions.builtin.cache' (Error: Unable to resolve nonexistent file '/var/lib/odoo/.vscode-remote/data/CachedProfilesData/__default__profile__/extensions.builtin.cache')
2025-03-09 14:06:17.733 [info] Started initializing default profile extensions in extensions installation folder. file:///var/lib/odoo/.vscode-remote/extensions
2025-03-09 14:06:17.762 [trace] [File Watcher (node.js)] Started watching: '/var/lib/odoo/.vscode-remote/extensions'
2025-03-09 14:06:17.786 [debug] ComputeTargetPlatform: linux-x64
2025-03-09 14:06:17.834 [trace] Deleting from cache /var/lib/odoo/.vscode-remote/extensionsCache/github.vscode-pull-request-github-0.106.0
2025-03-09 14:06:17.834 [trace] Deleting from cache /var/lib/odoo/.vscode-remote/extensionsCache/ms-python.python-2025.2.0-linux-x64
2025-03-09 14:06:17.838 [trace] [File Watcher (node.js)] [raw] ["rename"] extensions.json
2025-03-09 14:06:17.838 [trace] [File Watcher (node.js)] [raw] ["change"] extensions.json
2025-03-09 14:06:17.839 [trace] [File Watcher (node.js)] [ADDED] /var/lib/odoo/.vscode-remote/extensions/extensions.json
2025-03-09 14:06:17.841 [info] Completed initializing default profile extensions in extensions installation folder. file:///var/lib/odoo/.vscode-remote/extensions
2025-03-09 14:06:17.843 [trace] Scanned user extensions: 0
2025-03-09 14:06:17.844 [trace] [File Watcher (node.js)] Request to start watching: /var/lib/odoo/.vscode-remote/extensions/extensions.json (excludes: <none>, includes: <all>, filter: <none>, correlationId: <none>)
2025-03-09 14:06:17.846 [trace] [File Watcher (node.js)] Started watching: '/var/lib/odoo/.vscode-remote/extensions/extensions.json'
2025-03-09 14:06:17.859 [trace] Scanned system extensions: 32
2025-03-09 14:06:17.875 [debug] ComputeTargetPlatform: linux-x64
2025-03-09 14:06:17.876 [trace] resolveShellEnv(): skipped (--force-disable-user-env)
2025-03-09 14:06:17.878 [trace] #1: https://marketplace.visualstudio.com/_apis/public/gallery/extensionquery - begin POST {"X-Market-Client-Id":"VSCode 1.98.0","User-Agent":"VSCode 1.98.0 (Code)","X-Market-User-Id":"6883bc5e-bfec-42bf-881d-0a51cc9bd853","VSCode-SessionId":"bc40e706dcf23ef41694c6d206f52b81b1842c731bdb760d15e6d3ad7f08608a","Content-Type":"application/json","Accept":"application/json;api-version=3.0-preview.1","Accept-Encoding":"gzip","Content-Length":"303"}
2025-03-09 14:06:17.932 [trace] [File Watcher (node.js)]  >> normalized [ADDED] /var/lib/odoo/.vscode-remote/extensions/extensions.json
2025-03-09 14:06:17.938 [trace] [File Watcher (node.js)] [CHANGED] /var/lib/odoo/.vscode-remote/extensions/extensions.json
2025-03-09 14:06:18.015 [trace] #1: https://marketplace.visualstudio.com/_apis/public/gallery/extensionquery - end POST 200 {"cache-control":"no-cache, no-store, must-revalidate","pragma":"no-cache","content-length":"2250","content-type":"application/json; charset=utf-8; api-version=3.0-preview.1","content-encoding":"gzip","expires":"-1","vary":"Accept-Encoding","p3p":"CP=\"CAO DSP COR ADMa DEV CONo TELo CUR PSA PSD TAI IVDo OUR SAMi BUS DEM NAV STA UNI COM INT PHY ONL FIN PUR LOC CNT\"","set-cookie":["VstsSession=%7B%22PersistentSessionId%22%3A%222dbc22e8-8646-41d1-9696-ad7f0d49ba41%22%2C%22PendingAuthenticationSessionId%22%3A%2200000000-0000-0000-0000-000000000000%22%2C%22CurrentAuthenticationSessionId%22%3A%2200000000-0000-0000-0000-000000000000%22%2C%22SignInState%22%3A%7B%7D%7D;SameSite=None; domain=.visualstudio.com; expires=Mon, 09-Mar-2026 14:06:17 GMT; path=/; secure; HttpOnly"],"x-tfs-processid":"d0c8734d-62dc-441e-8ee0-6cd1b1c9c9c7","strict-transport-security":"max-age=31536000; includeSubDomains","activityid":"f43f48d8-f1b7-4d63-bfb3-a3ef8630a773","x-tfs-session":"f43f48d8-f1b7-4d63-bfb3-a3ef8630a773","x-vss-e2eid":"f43f48d8-f1b7-4d63-bfb3-a3ef8630a773","x-vss-senderdeploymentid":"2663b13f-50e3-a655-a159-22f6f4725fab","request-context":"appId=cid-v1:84715e31-583a-4723-a46d-946169b2f4a8","access-control-expose-headers":"Request-Context","x-content-type-options":"nosniff","x-cache":"CONFIG_NOCACHE","x-msedge-ref":"Ref A: 378ED82259B74F7D85F864D70D36750E Ref B: STBEDGE0209 Ref C: 2025-03-09T14:06:17Z","date":"Sun, 09 Mar 2025 14:06:17 GMT"}
2025-03-09 14:06:18.016 [trace] [File Watcher (node.js)]  >> normalized [CHANGED] /var/lib/odoo/.vscode-remote/extensions/extensions.json
2025-03-09 14:06:18.021 [trace] resolveShellEnv(): skipped (--force-disable-user-env)
2025-03-09 14:06:18.021 [trace] #2: https://marketplace.visualstudio.com/_apis/public/gallery/extensionquery - begin POST {"X-Market-Client-Id":"VSCode 1.98.0","User-Agent":"VSCode 1.98.0 (Code)","X-Market-User-Id":"6883bc5e-bfec-42bf-881d-0a51cc9bd853","VSCode-SessionId":"bc40e706dcf23ef41694c6d206f52b81b1842c731bdb760d15e6d3ad7f08608a","Content-Type":"application/json","Accept":"application/json;api-version=3.0-preview.1","Accept-Encoding":"gzip","Content-Length":"261"}
2025-03-09 14:06:18.118 [trace] #2: https://marketplace.visualstudio.com/_apis/public/gallery/extensionquery - end POST 200 {"cache-control":"no-cache, no-store, must-revalidate","pragma":"no-cache","transfer-encoding":"chunked","content-type":"application/json; charset=utf-8; api-version=3.0-preview.1","content-encoding":"gzip","expires":"-1","vary":"Accept-Encoding","p3p":"CP=\"CAO DSP COR ADMa DEV CONo TELo CUR PSA PSD TAI IVDo OUR SAMi BUS DEM NAV STA UNI COM INT PHY ONL FIN PUR LOC CNT\"","set-cookie":["VstsSession=%7B%22PersistentSessionId%22%3A%22b015cf97-8735-4efd-8d86-7739e2e06d4f%22%2C%22PendingAuthenticationSessionId%22%3A%2200000000-0000-0000-0000-000000000000%22%2C%22CurrentAuthenticationSessionId%22%3A%2200000000-0000-0000-0000-000000000000%22%2C%22SignInState%22%3A%7B%7D%7D;SameSite=None; domain=.visualstudio.com; expires=Mon, 09-Mar-2026 14:06:18 GMT; path=/; secure; HttpOnly"],"x-tfs-processid":"d0c8734d-62dc-441e-8ee0-6cd1b1c9c9c7","strict-transport-security":"max-age=31536000; includeSubDomains","activityid":"f43f48df-f1b7-4d63-bfb3-a3ef8630a773","x-tfs-session":"f43f48df-f1b7-4d63-bfb3-a3ef8630a773","x-vss-e2eid":"f43f48df-f1b7-4d63-bfb3-a3ef8630a773","x-vss-senderdeploymentid":"2663b13f-50e3-a655-a159-22f6f4725fab","request-context":"appId=cid-v1:84715e31-583a-4723-a46d-946169b2f4a8","access-control-expose-headers":"Request-Context","x-content-type-options":"nosniff","x-cache":"CONFIG_NOCACHE","x-msedge-ref":"Ref A: FADA0F5B75734452BC22E4B727E4B359 Ref B: STBEDGE0209 Ref C: 2025-03-09T14:06:18Z","date":"Sun, 09 Mar 2025 14:06:17 GMT"}
2025-03-09 14:06:18.173 [trace] resolveShellEnv(): skipped (--force-disable-user-env)
2025-03-09 14:06:18.174 [trace] resolveShellEnv(): skipped (--force-disable-user-env)
2025-03-09 14:06:18.174 [trace] #3: https://GitHub.gallerycdn.vsassets.io/extensions/github/codespaces/1.17.3/1726066722785/Microsoft.VisualStudio.Code.Manifest - begin GET {"X-Market-Client-Id":"VSCode 1.98.0","User-Agent":"VSCode 1.98.0 (Code)","X-Market-User-Id":"6883bc5e-bfec-42bf-881d-0a51cc9bd853","VSCode-SessionId":"bc40e706dcf23ef41694c6d206f52b81b1842c731bdb760d15e6d3ad7f08608a"}
2025-03-09 14:06:18.175 [trace] #4: https://GitHub.gallerycdn.vsassets.io/extensions/github/vscode-pull-request-github/0.106.0/1741206263959/Microsoft.VisualStudio.Code.Manifest - begin GET {"X-Market-Client-Id":"VSCode 1.98.0","User-Agent":"VSCode 1.98.0 (Code)","X-Market-User-Id":"6883bc5e-bfec-42bf-881d-0a51cc9bd853","VSCode-SessionId":"bc40e706dcf23ef41694c6d206f52b81b1842c731bdb760d15e6d3ad7f08608a"}
2025-03-09 14:06:18.215 [trace] #3: https://GitHub.gallerycdn.vsassets.io/extensions/github/codespaces/1.17.3/1726066722785/Microsoft.VisualStudio.Code.Manifest - end GET 200 {"cache-control":"public, max-age=31536000","content-type":"application/json","last-modified":"Wed, 11 Sep 2024 14:58:44 GMT","etag":"0x8DCD2723B8CD9F0","x-ms-request-id":"320b0648-901e-003f-055c-5d2946000000","x-ms-version":"2009-09-19","x-ms-lease-status":"unlocked","x-ms-blob-type":"BlockBlob","access-control-expose-headers":"x-ms-request-id,Server,x-ms-version,Content-Type,Content-Encoding,Cache-Control,Last-Modified,ETag,x-ms-lease-status,x-ms-blob-type,Content-Length,Date,Transfer-Encoding","access-control-allow-origin":"*","date":"Sun, 09 Mar 2025 14:06:18 GMT","content-length":"27247","connection":"keep-alive"}
2025-03-09 14:06:18.216 [info] Installing builtin extension 'github.codespaces'...
2025-03-09 14:06:18.217 [trace] #4: https://GitHub.gallerycdn.vsassets.io/extensions/github/vscode-pull-request-github/0.106.0/1741206263959/Microsoft.VisualStudio.Code.Manifest - end GET 200 {"cache-control":"public, max-age=31536000","content-type":"application/json","last-modified":"Wed, 05 Mar 2025 20:24:25 GMT","etag":"0x8DD5C23B8EC0D3F","x-ms-request-id":"304e0446-c01e-0008-550d-8edd00000000","x-ms-version":"2009-09-19","x-ms-lease-status":"unlocked","x-ms-blob-type":"BlockBlob","access-control-expose-headers":"x-ms-request-id,Server,x-ms-version,Content-Type,Content-Encoding,Cache-Control,Last-Modified,ETag,x-ms-lease-status,x-ms-blob-type,Content-Length,Date,Transfer-Encoding","access-control-allow-origin":"*","date":"Sun, 09 Mar 2025 14:06:18 GMT","transfer-encoding":"chunked","connection":"keep-alive, Transfer-Encoding"}
2025-03-09 14:06:18.223 [info] Installing builtin extension 'github.vscode-pull-request-github'...
2025-03-09 14:06:18.224 [trace] ExtensionManagementService.updateControlCache
2025-03-09 14:06:18.224 [trace] resolveShellEnv(): skipped (--force-disable-user-env)
2025-03-09 14:06:18.224 [trace] #5: https://main.vscode-cdn.net/extensions/marketplace.json - begin GET {}
2025-03-09 14:06:18.241 [trace] #5: https://main.vscode-cdn.net/extensions/marketplace.json - end GET 200 {"date":"Sun, 09 Mar 2025 14:06:18 GMT","content-type":"application/json","content-length":"50357","connection":"keep-alive","cache-control":"max-age=3600","last-modified":"Wed, 26 Feb 2025 13:59:42 GMT","etag":"\"0x8DD566DD16165CE\"","x-ms-request-id":"0f7a2359-b01e-0003-3f4d-8d66e7000000","x-ms-version":"2018-03-28","x-azure-ref":"20250309T140618Z-17b8c77b4bbpldhthC1CO111b00000000erg00000000279b","x-fd-int-roxy-purgeid":"3","x-cache":"TCP_HIT","vary":"Origin","cross-origin-resource-policy":"cross-origin","accept-ranges":"bytes"}
2025-03-09 14:06:18.244 [info] Getting Manifest... github.codespaces
2025-03-09 14:06:18.244 [info] Getting Manifest... github.vscode-pull-request-github
2025-03-09 14:06:18.244 [trace] resolveShellEnv(): skipped (--force-disable-user-env)
2025-03-09 14:06:18.245 [trace] resolveShellEnv(): skipped (--force-disable-user-env)
2025-03-09 14:06:18.245 [trace] #6: https://GitHub.gallerycdn.vsassets.io/extensions/github/codespaces/1.17.3/1726066722785/Microsoft.VisualStudio.Code.Manifest - begin GET {"X-Market-Client-Id":"VSCode 1.98.0","User-Agent":"VSCode 1.98.0 (Code)","X-Market-User-Id":"6883bc5e-bfec-42bf-881d-0a51cc9bd853","VSCode-SessionId":"bc40e706dcf23ef41694c6d206f52b81b1842c731bdb760d15e6d3ad7f08608a"}
2025-03-09 14:06:18.246 [trace] #7: https://GitHub.gallerycdn.vsassets.io/extensions/github/vscode-pull-request-github/0.106.0/1741206263959/Microsoft.VisualStudio.Code.Manifest - begin GET {"X-Market-Client-Id":"VSCode 1.98.0","User-Agent":"VSCode 1.98.0 (Code)","X-Market-User-Id":"6883bc5e-bfec-42bf-881d-0a51cc9bd853","VSCode-SessionId":"bc40e706dcf23ef41694c6d206f52b81b1842c731bdb760d15e6d3ad7f08608a"}
2025-03-09 14:06:18.254 [trace] #7: https://GitHub.gallerycdn.vsassets.io/extensions/github/vscode-pull-request-github/0.106.0/1741206263959/Microsoft.VisualStudio.Code.Manifest - end GET 200 {"cache-control":"public, max-age=31536000","content-type":"application/json","last-modified":"Wed, 05 Mar 2025 20:24:25 GMT","etag":"0x8DD5C23B8EC0D3F","x-ms-request-id":"304e0446-c01e-0008-550d-8edd00000000","x-ms-version":"2009-09-19","x-ms-lease-status":"unlocked","x-ms-blob-type":"BlockBlob","access-control-expose-headers":"x-ms-request-id,Server,x-ms-version,Content-Type,Content-Encoding,Cache-Control,Last-Modified,ETag,x-ms-lease-status,x-ms-blob-type,Content-Length,Date,Transfer-Encoding","access-control-allow-origin":"*","date":"Sun, 09 Mar 2025 14:06:18 GMT","transfer-encoding":"chunked","connection":"keep-alive, Transfer-Encoding"}
2025-03-09 14:06:18.256 [trace] #6: https://GitHub.gallerycdn.vsassets.io/extensions/github/codespaces/1.17.3/1726066722785/Microsoft.VisualStudio.Code.Manifest - end GET 200 {"cache-control":"public, max-age=31536000","content-type":"application/json","last-modified":"Wed, 11 Sep 2024 14:58:44 GMT","etag":"0x8DCD2723B8CD9F0","x-ms-request-id":"320b0648-901e-003f-055c-5d2946000000","x-ms-version":"2009-09-19","x-ms-lease-status":"unlocked","x-ms-blob-type":"BlockBlob","access-control-expose-headers":"x-ms-request-id,Server,x-ms-version,Content-Type,Content-Encoding,Cache-Control,Last-Modified,ETag,x-ms-lease-status,x-ms-blob-type,Content-Length,Date,Transfer-Encoding","access-control-allow-origin":"*","date":"Sun, 09 Mar 2025 14:06:18 GMT","content-length":"27247","connection":"keep-alive"}
2025-03-09 14:06:18.260 [info] Installing extension: github.codespaces {"isMachineScoped":true,"installPreReleaseVersion":false,"isBuiltin":true,"installGivenVersion":false,"isApplicationScoped":true,"profileLocation":{"$mid":1,"fsPath":"/var/lib/odoo/.vscode-remote/extensions/extensions.json","external":"file:///var/lib/odoo/.vscode-remote/extensions/extensions.json","path":"/var/lib/odoo/.vscode-remote/extensions/extensions.json","scheme":"file"},"productVersion":{"version":"1.98.0","date":"2025-03-04T21:06:18.612Z"}}
2025-03-09 14:06:18.260 [info] Installing extension: github.vscode-pull-request-github {"isMachineScoped":true,"installPreReleaseVersion":false,"isBuiltin":true,"installGivenVersion":false,"isApplicationScoped":true,"profileLocation":{"$mid":1,"fsPath":"/var/lib/odoo/.vscode-remote/extensions/extensions.json","external":"file:///var/lib/odoo/.vscode-remote/extensions/extensions.json","path":"/var/lib/odoo/.vscode-remote/extensions/extensions.json","scheme":"file"},"productVersion":{"version":"1.98.0","date":"2025-03-04T21:06:18.612Z"}}
2025-03-09 14:06:18.261 [trace] resolveShellEnv(): skipped (--force-disable-user-env)
2025-03-09 14:06:18.261 [trace] Started scanning system extensions
2025-03-09 14:06:18.261 [trace] Started scanning user extensions {"$mid":1,"fsPath":"/var/lib/odoo/.vscode-remote/extensions/extensions.json","external":"file:///var/lib/odoo/.vscode-remote/extensions/extensions.json","path":"/var/lib/odoo/.vscode-remote/extensions/extensions.json","scheme":"file"}
2025-03-09 14:06:18.262 [trace] #8: https://marketplace.visualstudio.com/_apis/public/gallery/extensionquery - begin POST {"X-Market-Client-Id":"VSCode 1.98.0","User-Agent":"VSCode 1.98.0 (Code)","X-Market-User-Id":"6883bc5e-bfec-42bf-881d-0a51cc9bd853","VSCode-SessionId":"bc40e706dcf23ef41694c6d206f52b81b1842c731bdb760d15e6d3ad7f08608a","Content-Type":"application/json","Accept":"application/json;api-version=3.0-preview.1","Accept-Encoding":"gzip","Content-Length":"253"}
2025-03-09 14:06:18.264 [trace] Scanned user extensions: 0
2025-03-09 14:06:18.270 [debug] Using cached extensions scan result system file:///vscode/bin/linux-x64/6609ac3d66f4eade5cf376d1cb76f13985724bcb/extensions
2025-03-09 14:06:18.270 [trace] Scanned system extensions: 32
2025-03-09 14:06:18.313 [trace] #8: https://marketplace.visualstudio.com/_apis/public/gallery/extensionquery - end POST 200 {"cache-control":"no-cache, no-store, must-revalidate","pragma":"no-cache","content-length":"224","content-type":"application/json; charset=utf-8; api-version=3.0-preview.1","content-encoding":"gzip","expires":"-1","vary":"Accept-Encoding","p3p":"CP=\"CAO DSP COR ADMa DEV CONo TELo CUR PSA PSD TAI IVDo OUR SAMi BUS DEM NAV STA UNI COM INT PHY ONL FIN PUR LOC CNT\"","set-cookie":["VstsSession=%7B%22PersistentSessionId%22%3A%22947a72f8-4fb9-4987-b616-804ee9f9f7d0%22%2C%22PendingAuthenticationSessionId%22%3A%2200000000-0000-0000-0000-000000000000%22%2C%22CurrentAuthenticationSessionId%22%3A%2200000000-0000-0000-0000-000000000000%22%2C%22SignInState%22%3A%7B%7D%7D;SameSite=None; domain=.visualstudio.com; expires=Mon, 09-Mar-2026 14:06:18 GMT; path=/; secure; HttpOnly"],"x-tfs-processid":"d0c8734d-62dc-441e-8ee0-6cd1b1c9c9c7","strict-transport-security":"max-age=31536000; includeSubDomains","activityid":"f43f48c9-f1b7-4d63-bfb3-a3ef8630a773","x-tfs-session":"f43f48c9-f1b7-4d63-bfb3-a3ef8630a773","x-vss-e2eid":"f43f48c9-f1b7-4d63-bfb3-a3ef8630a773","x-vss-senderdeploymentid":"2663b13f-50e3-a655-a159-22f6f4725fab","request-context":"appId=cid-v1:84715e31-583a-4723-a46d-946169b2f4a8","access-control-expose-headers":"Request-Context","x-content-type-options":"nosniff","x-cache":"CONFIG_NOCACHE","x-msedge-ref":"Ref A: 9C4DDA729CA64E54B5F8BEEA869D06E8 Ref B: STBEDGE0209 Ref C: 2025-03-09T14:06:18Z","date":"Sun, 09 Mar 2025 14:06:17 GMT"}
2025-03-09 14:06:18.314 [trace] Started scanning system extensions
2025-03-09 14:06:18.315 [trace] Started scanning user extensions {"$mid":1,"fsPath":"/var/lib/odoo/.vscode-remote/extensions/extensions.json","external":"file:///var/lib/odoo/.vscode-remote/extensions/extensions.json","path":"/var/lib/odoo/.vscode-remote/extensions/extensions.json","scheme":"file"}
2025-03-09 14:06:18.316 [trace] Scanned user extensions: 0
2025-03-09 14:06:18.321 [debug] Using cached extensions scan result system file:///vscode/bin/linux-x64/6609ac3d66f4eade5cf376d1cb76f13985724bcb/extensions
2025-03-09 14:06:18.321 [trace] Scanned system extensions: 32
2025-03-09 14:06:18.329 [trace] Started scanning user extensions {"$mid":1,"fsPath":"/var/lib/odoo/.vscode-remote/extensions/extensions.json","external":"file:///var/lib/odoo/.vscode-remote/extensions/extensions.json","path":"/var/lib/odoo/.vscode-remote/extensions/extensions.json","scheme":"file"}
2025-03-09 14:06:18.330 [trace] Scanned user extensions: 0
2025-03-09 14:06:18.344 [trace] ExtensionGalleryService#download github.vscode-pull-request-github
2025-03-09 14:06:18.345 [trace] resolveShellEnv(): skipped (--force-disable-user-env)
2025-03-09 14:06:18.345 [trace] #9: https://GitHub.gallery.vsassets.io/_apis/public/gallery/publisher/GitHub/extension/vscode-pull-request-github/0.106.0/assetbyname/Microsoft.VisualStudio.Services.VSIXPackage?redirect=true&install=true - begin GET {"X-Market-Client-Id":"VSCode 1.98.0","User-Agent":"VSCode 1.98.0 (Code)","X-Market-User-Id":"6883bc5e-bfec-42bf-881d-0a51cc9bd853","VSCode-SessionId":"bc40e706dcf23ef41694c6d206f52b81b1842c731bdb760d15e6d3ad7f08608a","X-Market-Search-Activity-Id":"f43f48df-f1b7-4d63-bfb3-a3ef8630a773"}
2025-03-09 14:06:18.356 [trace] ExtensionGalleryService#downloadSignatureArchive github.codespaces
2025-03-09 14:06:18.356 [trace] resolveShellEnv(): skipped (--force-disable-user-env)
2025-03-09 14:06:18.357 [trace] #10: https://GitHub.gallerycdn.vsassets.io/extensions/github/codespaces/1.17.3/1726066722785/Microsoft.VisualStudio.Services.VsixSignature - begin GET {"X-Market-Client-Id":"VSCode 1.98.0","User-Agent":"VSCode 1.98.0 (Code)","X-Market-User-Id":"6883bc5e-bfec-42bf-881d-0a51cc9bd853","VSCode-SessionId":"bc40e706dcf23ef41694c6d206f52b81b1842c731bdb760d15e6d3ad7f08608a"}
2025-03-09 14:06:18.371 [trace] #10: https://GitHub.gallerycdn.vsassets.io/extensions/github/codespaces/1.17.3/1726066722785/Microsoft.VisualStudio.Services.VsixSignature - end GET 200 {"cache-control":"public, max-age=31536000","content-length":"11566","content-type":"application/zip","last-modified":"Wed, 11 Sep 2024 15:02:06 GMT","etag":"0x8DCD272B3DEA13C","x-ms-request-id":"a98bbc39-501e-00fb-24c6-5e5c7f000000","x-ms-version":"2009-09-19","x-ms-lease-status":"unlocked","x-ms-blob-type":"BlockBlob","access-control-expose-headers":"x-ms-request-id,Server,x-ms-version,Content-Type,Cache-Control,Last-Modified,ETag,x-ms-lease-status,x-ms-blob-type,Content-Length,Date,Transfer-Encoding","access-control-allow-origin":"*","date":"Sun, 09 Mar 2025 14:06:18 GMT","connection":"keep-alive"}
2025-03-09 14:06:18.376 [trace] Verifying extension signature for github.codespaces...
2025-03-09 14:06:18.420 [trace] #9: https://GitHub.gallery.vsassets.io/_apis/public/gallery/publisher/GitHub/extension/vscode-pull-request-github/0.106.0/assetbyname/Microsoft.VisualStudio.Services.VSIXPackage?redirect=true&install=true - end GET 200 {"cache-control":"public, max-age=31536000","content-length":"1819339","content-type":"application/zip","last-modified":"Wed, 05 Mar 2025 20:24:24 GMT","etag":"0x8DD5C23B86A941B","x-ms-request-id":"7746cc82-601e-00bd-6c0d-8e68f8000000","x-ms-version":"2009-09-19","x-ms-lease-status":"unlocked","x-ms-blob-type":"BlockBlob","access-control-expose-headers":"x-ms-request-id,Server,x-ms-version,Content-Type,Cache-Control,Last-Modified,ETag,x-ms-lease-status,x-ms-blob-type,Content-Length,Date,Transfer-Encoding","access-control-allow-origin":"*","date":"Sun, 09 Mar 2025 14:06:18 GMT","connection":"keep-alive"}
2025-03-09 14:06:18.453 [trace] ExtensionGalleryService#downloadSignatureArchive github.vscode-pull-request-github
2025-03-09 14:06:18.453 [trace] resolveShellEnv(): skipped (--force-disable-user-env)
2025-03-09 14:06:18.453 [trace] #11: https://GitHub.gallerycdn.vsassets.io/extensions/github/vscode-pull-request-github/0.106.0/1741206263959/Microsoft.VisualStudio.Services.VsixSignature - begin GET {"X-Market-Client-Id":"VSCode 1.98.0","User-Agent":"VSCode 1.98.0 (Code)","X-Market-User-Id":"6883bc5e-bfec-42bf-881d-0a51cc9bd853","VSCode-SessionId":"bc40e706dcf23ef41694c6d206f52b81b1842c731bdb760d15e6d3ad7f08608a"}
2025-03-09 14:06:18.460 [trace] #11: https://GitHub.gallerycdn.vsassets.io/extensions/github/vscode-pull-request-github/0.106.0/1741206263959/Microsoft.VisualStudio.Services.VsixSignature - end GET 200 {"cache-control":"public, max-age=31536000","content-length":"13356","content-type":"application/zip","last-modified":"Wed, 05 Mar 2025 20:27:24 GMT","etag":"0x8DD5C2423A8FC10","x-ms-request-id":"4939aef5-101e-0056-450d-8e36e0000000","x-ms-version":"2009-09-19","x-ms-lease-status":"unlocked","x-ms-blob-type":"BlockBlob","access-control-expose-headers":"x-ms-request-id,Server,x-ms-version,Content-Type,Cache-Control,Last-Modified,ETag,x-ms-lease-status,x-ms-blob-type,Content-Length,Date,Transfer-Encoding","access-control-allow-origin":"*","date":"Sun, 09 Mar 2025 14:06:18 GMT","connection":"keep-alive"}
2025-03-09 14:06:18.464 [trace] Verifying extension signature for github.vscode-pull-request-github...
2025-03-09 14:06:19.721 [trace] resolveShellEnv(): skipped (--force-disable-user-env)
2025-03-09 14:06:19.722 [trace] #12: https://mobile.events.data.microsoft.com/OneCollector/1.0?cors=true&content-type=application/x-json-stream - begin POST {"Client-Id":"NO_AUTH","client-version":"1DS-Web-JS-3.2.13","apikey":"5bbf946d11a54f6783919c455abaddaf-fd62977b-c92d-4714-a45d-649d06980372-7168","upload-time":"1741529179720","time-delta-to-apply-millis":"use-collector-delta","cache-control":"no-cache, no-store","content-type":"application/x-json-stream","Content-Type":"application/json","Content-Length":"8745"}
2025-03-09 14:06:20.223 [info] Extension signature verification result for github.codespaces: Success. Internal Code: 0. Executed: true. Duration: 1846ms.
2025-03-09 14:06:20.223 [trace] Extension signature verification output for github.codespaces:
Package file size:  5583360
Signature archive file size:  11566
Manifest file size:  6404
Signature file size:  12147
Manifest file hash:  q+NirOjqahMj6anBJ/vqkEvwpoG4cJrUXEcfcja5zGI=
Signature file hash:  IOdKBP51iAIr3e0UFcRcJBTxNWiZSazHCWW6UyHVeSs=
Package file hash:  idJFYHJ4yeqpFZBX55Y0v1yfzgqyhS0MrC4yIto7i7w=
ManifestPackageIntegrityPolicy succeeded.
SignatureIntegrityPolicy for primary signature succeeded.
SignatureValidityPolicy for primary signature succeeded.
SignatureIntegrityPolicy for primary timestamp signature succeeded.
SignatureValidityPolicy for primary timestamp signature succeeded.
X.509 certificate chain validation will use the fallback certificate bundle for timestamping.
SignatureTrustPolicy for repository primary signature timestamp signature succeeded.
X.509 certificate chain validation will use the fallback certificate bundle for code signing.
SignatureTrustPolicy for repository primary signature succeeded.
RepositoryCountersignaturePolicy for repository primary signature succeeded.
Primary signature type:  repository primary signature
Primary signature status:  OK
Timestamp signature status:  OK
Exit code:  Success

2025-03-09 14:06:20.226 [info] Extension signature verification result for github.vscode-pull-request-github: Success. Internal Code: 0. Executed: true. Duration: 1762ms.
2025-03-09 14:06:20.226 [trace] Extension signature verification output for github.vscode-pull-request-github:
Package file size:  1819339
Signature archive file size:  13356
Manifest file size:  7734
Signature file size:  19228
Manifest file hash:  lCRqC+eCzaMxb9TCjQEdDYRdM84SL42xsXjr00TjPrI=
Signature file hash:  r3OEMY68seQcnR9jsMUTUqUSE8gFBasmt9SsGX6CLVs=
Package file hash:  Tm2ch/60R4rF3vhC6qpLVEqVuJ8fKtp1OEh+NrzBtB8=
ManifestPackageIntegrityPolicy succeeded.
SignatureIntegrityPolicy for primary signature succeeded.
SignatureValidityPolicy for primary signature succeeded.
SignatureIntegrityPolicy for primary timestamp signature succeeded.
SignatureValidityPolicy for primary timestamp signature succeeded.
X.509 certificate chain validation will use the fallback certificate bundle for timestamping.
SignatureTrustPolicy for publisher primary signature timestamp signature succeeded.
X.509 certificate chain validation will use the fallback certificate bundle for code signing.
SignatureTrustPolicy for publisher primary signature succeeded.
SignatureIntegrityPolicy for repository countersignature succeeded.
SignatureValidityPolicy for repository countersignature succeeded.
SignatureIntegrityPolicy for repository countersignature timestamp signature succeeded.
SignatureValidityPolicy for repository countersignature timestamp signature succeeded.
SignatureTrustPolicy for repository countersignature timestamp signature succeeded.
SignatureTrustPolicy for repository countersignature succeeded.
RepositoryCountersignaturePolicy for repository countersignature succeeded with OK.
Primary signature type:  publisher primary signature
Primary signature status:  OK
Timestamp signature status:  OK
Repository countersignature status:  OK
Repository countersignature timestamp status:  OK
Exit code:  Success

2025-03-09 14:06:20.234 [trace] Started extracting the extension from /var/lib/odoo/.vscode-remote/extensionsCache/github.vscode-pull-request-github-0.106.0 to /var/lib/odoo/.vscode-remote/extensions/github.vscode-pull-request-github-0.106.0
2025-03-09 14:06:20.237 [trace] [File Watcher (node.js)] [raw] ["rename"] .a58d7224-f7d1-465e-8df1-05ec7efce028
2025-03-09 14:06:20.246 [trace] Started extracting the extension from /var/lib/odoo/.vscode-remote/extensionsCache/github.codespaces-1.17.3 to /var/lib/odoo/.vscode-remote/extensions/github.codespaces-1.17.3
2025-03-09 14:06:20.249 [trace] [File Watcher (node.js)] [raw] ["rename"] .10b40ad3-175b-46ee-a7a8-ad2b47a61367
2025-03-09 14:06:20.290 [trace] #12: https://mobile.events.data.microsoft.com/OneCollector/1.0?cors=true&content-type=application/x-json-stream - end POST 200 {"content-length":"9","content-type":"application/json","server":"Microsoft-HTTPAPI/2.0","strict-transport-security":"max-age=31536000","time-delta-millis":"541","access-control-allow-headers":"time-delta-millis","access-control-allow-methods":"POST","access-control-allow-credentials":"true","access-control-allow-origin":"*","access-control-expose-headers":"time-delta-millis","date":"Sun, 09 Mar 2025 14:06:19 GMT"}
2025-03-09 14:06:20.337 [trace] [File Watcher (node.js)] [ADDED] /var/lib/odoo/.vscode-remote/extensions/.a58d7224-f7d1-465e-8df1-05ec7efce028
2025-03-09 14:06:20.349 [trace] [File Watcher (node.js)] [ADDED] /var/lib/odoo/.vscode-remote/extensions/.10b40ad3-175b-46ee-a7a8-ad2b47a61367
2025-03-09 14:06:20.412 [trace] [File Watcher (node.js)]  >> normalized [ADDED] /var/lib/odoo/.vscode-remote/extensions/.a58d7224-f7d1-465e-8df1-05ec7efce028
2025-03-09 14:06:20.413 [trace] [File Watcher (node.js)]  >> normalized [ADDED] /var/lib/odoo/.vscode-remote/extensions/.10b40ad3-175b-46ee-a7a8-ad2b47a61367
2025-03-09 14:06:20.503 [info] Extracted extension to file:///var/lib/odoo/.vscode-remote/extensions/github.vscode-pull-request-github-0.106.0: github.vscode-pull-request-github
2025-03-09 14:06:20.523 [trace] Started renaming the extension from /var/lib/odoo/.vscode-remote/extensions/.a58d7224-f7d1-465e-8df1-05ec7efce028 to /var/lib/odoo/.vscode-remote/extensions/github.vscode-pull-request-github-0.106.0
2025-03-09 14:06:20.524 [info] Renamed to /var/lib/odoo/.vscode-remote/extensions/github.vscode-pull-request-github-0.106.0
2025-03-09 14:06:20.525 [trace] [File Watcher (node.js)] [raw] ["rename"] .a58d7224-f7d1-465e-8df1-05ec7efce028
2025-03-09 14:06:20.525 [trace] [File Watcher (node.js)] [raw] ["rename"] github.vscode-pull-request-github-0.106.0
2025-03-09 14:06:20.538 [trace] [File Watcher (node.js)] [raw] ["change"] extensions.json
2025-03-09 14:06:20.538 [trace] [File Watcher (node.js)] [CHANGED] /var/lib/odoo/.vscode-remote/extensions/extensions.json
2025-03-09 14:06:20.539 [trace] [File Watcher (node.js)] [raw] ["change"] extensions.json
2025-03-09 14:06:20.539 [trace] [File Watcher (node.js)] [CHANGED] /var/lib/odoo/.vscode-remote/extensions/extensions.json
2025-03-09 14:06:20.539 [trace] [File Watcher (node.js)] [raw] ["change"] extensions.json
2025-03-09 14:06:20.539 [trace] [File Watcher (node.js)] [CHANGED] /var/lib/odoo/.vscode-remote/extensions/extensions.json
2025-03-09 14:06:20.539 [trace] [File Watcher (node.js)] [raw] ["change"] extensions.json
2025-03-09 14:06:20.539 [trace] [File Watcher (node.js)] [CHANGED] /var/lib/odoo/.vscode-remote/extensions/extensions.json
2025-03-09 14:06:20.542 [trace] Started scanning user extensions {"$mid":1,"fsPath":"/var/lib/odoo/.vscode-remote/extensions/extensions.json","external":"file:///var/lib/odoo/.vscode-remote/extensions/extensions.json","path":"/var/lib/odoo/.vscode-remote/extensions/extensions.json","scheme":"file"}
2025-03-09 14:06:20.549 [trace] Scanned user extensions: 1
2025-03-09 14:06:20.613 [trace] [File Watcher (node.js)]  >> normalized [CHANGED] /var/lib/odoo/.vscode-remote/extensions/extensions.json
2025-03-09 14:06:20.614 [trace] [File Watcher (node.js)]  >> normalized [CHANGED] /var/lib/odoo/.vscode-remote/extensions/extensions.json
2025-03-09 14:06:20.625 [trace] [File Watcher (node.js)] [DELETED] /var/lib/odoo/.vscode-remote/extensions/.a58d7224-f7d1-465e-8df1-05ec7efce028
2025-03-09 14:06:20.625 [trace] [File Watcher (node.js)] [ADDED] /var/lib/odoo/.vscode-remote/extensions/github.vscode-pull-request-github-0.106.0
2025-03-09 14:06:20.700 [trace] [File Watcher (node.js)]  >> normalized [DELETED] /var/lib/odoo/.vscode-remote/extensions/.a58d7224-f7d1-465e-8df1-05ec7efce028
2025-03-09 14:06:20.700 [trace] [File Watcher (node.js)]  >> normalized [ADDED] /var/lib/odoo/.vscode-remote/extensions/github.vscode-pull-request-github-0.106.0
2025-03-09 14:06:20.722 [info] Extracted extension to file:///var/lib/odoo/.vscode-remote/extensions/github.codespaces-1.17.3: github.codespaces
2025-03-09 14:06:20.731 [trace] Started renaming the extension from /var/lib/odoo/.vscode-remote/extensions/.10b40ad3-175b-46ee-a7a8-ad2b47a61367 to /var/lib/odoo/.vscode-remote/extensions/github.codespaces-1.17.3
2025-03-09 14:06:20.731 [info] Renamed to /var/lib/odoo/.vscode-remote/extensions/github.codespaces-1.17.3
2025-03-09 14:06:20.732 [trace] [File Watcher (node.js)] [raw] ["rename"] .10b40ad3-175b-46ee-a7a8-ad2b47a61367
2025-03-09 14:06:20.732 [trace] [File Watcher (node.js)] [raw] ["rename"] github.codespaces-1.17.3
2025-03-09 14:06:20.739 [trace] [File Watcher (node.js)] [raw] ["change"] extensions.json
2025-03-09 14:06:20.739 [trace] [File Watcher (node.js)] [CHANGED] /var/lib/odoo/.vscode-remote/extensions/extensions.json
2025-03-09 14:06:20.739 [trace] [File Watcher (node.js)] [raw] ["change"] extensions.json
2025-03-09 14:06:20.740 [trace] [File Watcher (node.js)] [CHANGED] /var/lib/odoo/.vscode-remote/extensions/extensions.json
2025-03-09 14:06:20.740 [trace] [File Watcher (node.js)] [raw] ["change"] extensions.json
2025-03-09 14:06:20.740 [trace] [File Watcher (node.js)] [CHANGED] /var/lib/odoo/.vscode-remote/extensions/extensions.json
2025-03-09 14:06:20.740 [trace] [File Watcher (node.js)] [raw] ["change"] extensions.json
2025-03-09 14:06:20.740 [trace] [File Watcher (node.js)] [CHANGED] /var/lib/odoo/.vscode-remote/extensions/extensions.json
2025-03-09 14:06:20.742 [trace] Started scanning user extensions {"$mid":1,"fsPath":"/var/lib/odoo/.vscode-remote/extensions/extensions.json","external":"file:///var/lib/odoo/.vscode-remote/extensions/extensions.json","path":"/var/lib/odoo/.vscode-remote/extensions/extensions.json","scheme":"file"}
2025-03-09 14:06:20.759 [trace] Scanned user extensions: 2
2025-03-09 14:06:20.761 [info] Extension installed successfully: github.vscode-pull-request-github file:///var/lib/odoo/.vscode-remote/extensions/extensions.json
2025-03-09 14:06:20.761 [info] Extension installed successfully: github.codespaces file:///var/lib/odoo/.vscode-remote/extensions/extensions.json
2025-03-09 14:06:20.762 [info] Extension 'github.vscode-pull-request-github' v0.106.0 was successfully installed.
2025-03-09 14:06:20.763 [info] Extension 'github.codespaces' v1.17.3 was successfully installed.
2025-03-09 14:06:20.763 [trace] Finished installing builtin extensions
2025-03-09 14:06:20.764 [info] Installing extensions...
2025-03-09 14:06:20.764 [trace] Started scanning system extensions
2025-03-09 14:06:20.764 [trace] Started scanning user extensions {"$mid":1,"fsPath":"/var/lib/odoo/.vscode-remote/extensions/extensions.json","external":"file:///var/lib/odoo/.vscode-remote/extensions/extensions.json","path":"/var/lib/odoo/.vscode-remote/extensions/extensions.json","scheme":"file"}
2025-03-09 14:06:20.771 [debug] Using cached extensions scan result system file:///vscode/bin/linux-x64/6609ac3d66f4eade5cf376d1cb76f13985724bcb/extensions
2025-03-09 14:06:20.771 [trace] Scanned system extensions: 32
2025-03-09 14:06:20.774 [trace] Scanned user extensions: 2
2025-03-09 14:06:20.780 [trace] resolveShellEnv(): skipped (--force-disable-user-env)
2025-03-09 14:06:20.781 [trace] #13: https://marketplace.visualstudio.com/_apis/public/gallery/extensionquery - begin POST {"X-Market-Client-Id":"VSCode 1.98.0","User-Agent":"VSCode 1.98.0 (Code)","X-Market-User-Id":"6883bc5e-bfec-42bf-881d-0a51cc9bd853","VSCode-SessionId":"bc40e706dcf23ef41694c6d206f52b81b1842c731bdb760d15e6d3ad7f08608a","Content-Type":"application/json","Accept":"application/json;api-version=3.0-preview.1","Accept-Encoding":"gzip","Content-Length":"339"}
2025-03-09 14:06:20.814 [trace] [File Watcher (node.js)]  >> normalized [CHANGED] /var/lib/odoo/.vscode-remote/extensions/extensions.json
2025-03-09 14:06:20.815 [trace] [File Watcher (node.js)]  >> normalized [CHANGED] /var/lib/odoo/.vscode-remote/extensions/extensions.json
2025-03-09 14:06:20.832 [trace] [File Watcher (node.js)] [DELETED] /var/lib/odoo/.vscode-remote/extensions/.10b40ad3-175b-46ee-a7a8-ad2b47a61367
2025-03-09 14:06:20.832 [trace] [File Watcher (node.js)] [ADDED] /var/lib/odoo/.vscode-remote/extensions/github.codespaces-1.17.3
2025-03-09 14:06:20.834 [trace] #13: https://marketplace.visualstudio.com/_apis/public/gallery/extensionquery - end POST 200 {"cache-control":"no-cache, no-store, must-revalidate","pragma":"no-cache","content-length":"7321","content-type":"application/json; charset=utf-8; api-version=3.0-preview.1","content-encoding":"gzip","expires":"-1","vary":"Accept-Encoding","p3p":"CP=\"CAO DSP COR ADMa DEV CONo TELo CUR PSA PSD TAI IVDo OUR SAMi BUS DEM NAV STA UNI COM INT PHY ONL FIN PUR LOC CNT\"","set-cookie":["VstsSession=%7B%22PersistentSessionId%22%3A%2207fd79d3-a050-4de3-b7a6-395b857688d9%22%2C%22PendingAuthenticationSessionId%22%3A%2200000000-0000-0000-0000-000000000000%22%2C%22CurrentAuthenticationSessionId%22%3A%2200000000-0000-0000-0000-000000000000%22%2C%22SignInState%22%3A%7B%7D%7D;SameSite=None; domain=.visualstudio.com; expires=Mon, 09-Mar-2026 14:06:20 GMT; path=/; secure; HttpOnly"],"x-tfs-processid":"d0c8734d-62dc-441e-8ee0-6cd1b1c9c9c7","strict-transport-security":"max-age=31536000; includeSubDomains","activityid":"f43f4990-f1b7-4d63-bfb3-a3ef8630a773","x-tfs-session":"f43f4990-f1b7-4d63-bfb3-a3ef8630a773","x-vss-e2eid":"f43f4990-f1b7-4d63-bfb3-a3ef8630a773","x-vss-senderdeploymentid":"2663b13f-50e3-a655-a159-22f6f4725fab","request-context":"appId=cid-v1:84715e31-583a-4723-a46d-946169b2f4a8","access-control-expose-headers":"Request-Context","x-content-type-options":"nosniff","x-cache":"CONFIG_NOCACHE","x-msedge-ref":"Ref A: 8955B19FE44C4B78B0629C12DBDF9443 Ref B: STBEDGE0209 Ref C: 2025-03-09T14:06:20Z","date":"Sun, 09 Mar 2025 14:06:19 GMT"}
2025-03-09 14:06:20.837 [trace] resolveShellEnv(): skipped (--force-disable-user-env)
2025-03-09 14:06:20.837 [trace] #14: https://marketplace.visualstudio.com/_apis/public/gallery/extensionquery - begin POST {"X-Market-Client-Id":"VSCode 1.98.0","User-Agent":"VSCode 1.98.0 (Code)","X-Market-User-Id":"6883bc5e-bfec-42bf-881d-0a51cc9bd853","VSCode-SessionId":"bc40e706dcf23ef41694c6d206f52b81b1842c731bdb760d15e6d3ad7f08608a","Content-Type":"application/json","Accept":"application/json;api-version=3.0-preview.1","Accept-Encoding":"gzip","Content-Length":"325"}
2025-03-09 14:06:20.907 [trace] [File Watcher (node.js)]  >> normalized [DELETED] /var/lib/odoo/.vscode-remote/extensions/.10b40ad3-175b-46ee-a7a8-ad2b47a61367
2025-03-09 14:06:20.908 [trace] [File Watcher (node.js)]  >> normalized [ADDED] /var/lib/odoo/.vscode-remote/extensions/github.codespaces-1.17.3
2025-03-09 14:06:20.998 [trace] #14: https://marketplace.visualstudio.com/_apis/public/gallery/extensionquery - end POST 200 {"cache-control":"no-cache, no-store, must-revalidate","pragma":"no-cache","transfer-encoding":"chunked","content-type":"application/json; charset=utf-8; api-version=3.0-preview.1","content-encoding":"gzip","expires":"-1","vary":"Accept-Encoding","p3p":"CP=\"CAO DSP COR ADMa DEV CONo TELo CUR PSA PSD TAI IVDo OUR SAMi BUS DEM NAV STA UNI COM INT PHY ONL FIN PUR LOC CNT\"","set-cookie":["VstsSession=%7B%22PersistentSessionId%22%3A%228abd6c06-7a23-4552-a406-7bb3e99f7191%22%2C%22PendingAuthenticationSessionId%22%3A%2200000000-0000-0000-0000-000000000000%22%2C%22CurrentAuthenticationSessionId%22%3A%2200000000-0000-0000-0000-000000000000%22%2C%22SignInState%22%3A%7B%7D%7D;SameSite=None; domain=.visualstudio.com; expires=Mon, 09-Mar-2026 14:06:20 GMT; path=/; secure; HttpOnly"],"x-tfs-processid":"d0c8734d-62dc-441e-8ee0-6cd1b1c9c9c7","strict-transport-security":"max-age=31536000; includeSubDomains","activityid":"f43f498a-f1b7-4d63-bfb3-a3ef8630a773","x-tfs-session":"f43f498a-f1b7-4d63-bfb3-a3ef8630a773","x-vss-e2eid":"f43f498a-f1b7-4d63-bfb3-a3ef8630a773","x-vss-senderdeploymentid":"2663b13f-50e3-a655-a159-22f6f4725fab","request-context":"appId=cid-v1:84715e31-583a-4723-a46d-946169b2f4a8","access-control-expose-headers":"Request-Context","x-content-type-options":"nosniff","x-cache":"CONFIG_NOCACHE","x-msedge-ref":"Ref A: 1FDA3945A0B14D97851ACCBFB7FBE668 Ref B: STBEDGE0209 Ref C: 2025-03-09T14:06:20Z","date":"Sun, 09 Mar 2025 14:06:20 GMT"}
2025-03-09 14:06:21.092 [trace] resolveShellEnv(): skipped (--force-disable-user-env)
2025-03-09 14:06:21.092 [trace] resolveShellEnv(): skipped (--force-disable-user-env)
2025-03-09 14:06:21.093 [trace] resolveShellEnv(): skipped (--force-disable-user-env)
2025-03-09 14:06:21.093 [trace] #15: https://ms-python.gallerycdn.vsassets.io/extensions/ms-python/vscode-pylance/2025.3.1/1741221073550/Microsoft.VisualStudio.Code.Manifest - begin GET {"X-Market-Client-Id":"VSCode 1.98.0","User-Agent":"VSCode 1.98.0 (Code)","X-Market-User-Id":"6883bc5e-bfec-42bf-881d-0a51cc9bd853","VSCode-SessionId":"bc40e706dcf23ef41694c6d206f52b81b1842c731bdb760d15e6d3ad7f08608a"}
2025-03-09 14:06:21.094 [trace] #16: https://ms-python.gallerycdn.vsassets.io/extensions/ms-python/python/2025.2.0/1741200125973/Microsoft.VisualStudio.Code.Manifest?targetPlatform=linux-x64 - begin GET {"X-Market-Client-Id":"VSCode 1.98.0","User-Agent":"VSCode 1.98.0 (Code)","X-Market-User-Id":"6883bc5e-bfec-42bf-881d-0a51cc9bd853","VSCode-SessionId":"bc40e706dcf23ef41694c6d206f52b81b1842c731bdb760d15e6d3ad7f08608a"}
2025-03-09 14:06:21.094 [trace] #17: https://charliermarsh.gallerycdn.vsassets.io/extensions/charliermarsh/ruff/2025.14.0/1740738902848/Microsoft.VisualStudio.Code.Manifest?targetPlatform=linux-x64 - begin GET {"X-Market-Client-Id":"VSCode 1.98.0","User-Agent":"VSCode 1.98.0 (Code)","X-Market-User-Id":"6883bc5e-bfec-42bf-881d-0a51cc9bd853","VSCode-SessionId":"bc40e706dcf23ef41694c6d206f52b81b1842c731bdb760d15e6d3ad7f08608a"}
2025-03-09 14:06:21.127 [trace] #16: https://ms-python.gallerycdn.vsassets.io/extensions/ms-python/python/2025.2.0/1741200125973/Microsoft.VisualStudio.Code.Manifest?targetPlatform=linux-x64 - end GET 200 {"cache-control":"public, max-age=31536000","content-type":"application/json","last-modified":"Wed, 05 Mar 2025 18:42:08 GMT","etag":"0x8DD5C156F33F2D1","x-ms-request-id":"4c778162-a01e-0046-1dfe-8dd562000000","x-ms-version":"2009-09-19","x-ms-lease-status":"unlocked","x-ms-blob-type":"BlockBlob","access-control-expose-headers":"x-ms-request-id,Server,x-ms-version,Content-Type,Content-Encoding,Cache-Control,Last-Modified,ETag,x-ms-lease-status,x-ms-blob-type,Content-Length,Date,Transfer-Encoding","access-control-allow-origin":"*","date":"Sun, 09 Mar 2025 14:06:21 GMT","content-length":"39426","connection":"keep-alive"}
2025-03-09 14:06:21.128 [info] Installing extension 'ms-python.python'...
2025-03-09 14:06:21.141 [trace] #15: https://ms-python.gallerycdn.vsassets.io/extensions/ms-python/vscode-pylance/2025.3.1/1741221073550/Microsoft.VisualStudio.Code.Manifest - end GET 200 {"cache-control":"public, max-age=31536000","content-type":"application/json","last-modified":"Thu, 06 Mar 2025 00:31:19 GMT","etag":"0x8DD5C4636B97517","x-ms-request-id":"08261171-e01e-008c-2830-8e89eb000000","x-ms-version":"2009-09-19","x-ms-lease-status":"unlocked","x-ms-blob-type":"BlockBlob","access-control-expose-headers":"x-ms-request-id,Server,x-ms-version,Content-Type,Content-Encoding,Cache-Control,Last-Modified,ETag,x-ms-lease-status,x-ms-blob-type,Content-Length,Date,Transfer-Encoding","access-control-allow-origin":"*","date":"Sun, 09 Mar 2025 14:06:21 GMT","transfer-encoding":"chunked","connection":"keep-alive, Transfer-Encoding"}
2025-03-09 14:06:21.144 [trace] #17: https://charliermarsh.gallerycdn.vsassets.io/extensions/charliermarsh/ruff/2025.14.0/1740738902848/Microsoft.VisualStudio.Code.Manifest?targetPlatform=linux-x64 - end GET 200 {"cache-control":"public, max-age=31536000","content-type":"application/json","last-modified":"Fri, 28 Feb 2025 10:35:05 GMT","etag":"0x8DD57E390A77ABE","x-ms-request-id":"73d76a9e-401e-00f7-28cd-89cb77000000","x-ms-version":"2009-09-19","x-ms-lease-status":"unlocked","x-ms-blob-type":"BlockBlob","access-control-expose-headers":"x-ms-request-id,Server,x-ms-version,Content-Type,Content-Encoding,Cache-Control,Last-Modified,ETag,x-ms-lease-status,x-ms-blob-type,Content-Length,Date,Transfer-Encoding","access-control-allow-origin":"*","date":"Sun, 09 Mar 2025 14:06:21 GMT","content-length":"26087","connection":"keep-alive"}
2025-03-09 14:06:21.145 [info] Installing extension 'charliermarsh.ruff'...
2025-03-09 14:06:21.147 [info] Installing extension 'ms-python.vscode-pylance'...
2025-03-09 14:06:21.148 [info] Getting Manifest... ms-python.python
2025-03-09 14:06:21.148 [info] Getting Manifest... charliermarsh.ruff
2025-03-09 14:06:21.149 [info] Getting Manifest... ms-python.vscode-pylance
2025-03-09 14:06:21.149 [trace] resolveShellEnv(): skipped (--force-disable-user-env)
2025-03-09 14:06:21.149 [trace] resolveShellEnv(): skipped (--force-disable-user-env)
2025-03-09 14:06:21.150 [trace] resolveShellEnv(): skipped (--force-disable-user-env)
2025-03-09 14:06:21.151 [trace] #18: https://ms-python.gallerycdn.vsassets.io/extensions/ms-python/python/2025.2.0/1741200125973/Microsoft.VisualStudio.Code.Manifest?targetPlatform=linux-x64 - begin GET {"X-Market-Client-Id":"VSCode 1.98.0","User-Agent":"VSCode 1.98.0 (Code)","X-Market-User-Id":"6883bc5e-bfec-42bf-881d-0a51cc9bd853","VSCode-SessionId":"bc40e706dcf23ef41694c6d206f52b81b1842c731bdb760d15e6d3ad7f08608a"}
2025-03-09 14:06:21.151 [trace] #19: https://charliermarsh.gallerycdn.vsassets.io/extensions/charliermarsh/ruff/2025.14.0/1740738902848/Microsoft.VisualStudio.Code.Manifest?targetPlatform=linux-x64 - begin GET {"X-Market-Client-Id":"VSCode 1.98.0","User-Agent":"VSCode 1.98.0 (Code)","X-Market-User-Id":"6883bc5e-bfec-42bf-881d-0a51cc9bd853","VSCode-SessionId":"bc40e706dcf23ef41694c6d206f52b81b1842c731bdb760d15e6d3ad7f08608a"}
2025-03-09 14:06:21.152 [trace] #20: https://ms-python.gallerycdn.vsassets.io/extensions/ms-python/vscode-pylance/2025.3.1/1741221073550/Microsoft.VisualStudio.Code.Manifest - begin GET {"X-Market-Client-Id":"VSCode 1.98.0","User-Agent":"VSCode 1.98.0 (Code)","X-Market-User-Id":"6883bc5e-bfec-42bf-881d-0a51cc9bd853","VSCode-SessionId":"bc40e706dcf23ef41694c6d206f52b81b1842c731bdb760d15e6d3ad7f08608a"}
2025-03-09 14:06:21.161 [trace] #20: https://ms-python.gallerycdn.vsassets.io/extensions/ms-python/vscode-pylance/2025.3.1/1741221073550/Microsoft.VisualStudio.Code.Manifest - end GET 200 {"cache-control":"public, max-age=31536000","content-type":"application/json","last-modified":"Thu, 06 Mar 2025 00:31:19 GMT","etag":"0x8DD5C4636B97517","x-ms-request-id":"08261171-e01e-008c-2830-8e89eb000000","x-ms-version":"2009-09-19","x-ms-lease-status":"unlocked","x-ms-blob-type":"BlockBlob","access-control-expose-headers":"x-ms-request-id,Server,x-ms-version,Content-Type,Content-Encoding,Cache-Control,Last-Modified,ETag,x-ms-lease-status,x-ms-blob-type,Content-Length,Date,Transfer-Encoding","access-control-allow-origin":"*","date":"Sun, 09 Mar 2025 14:06:21 GMT","transfer-encoding":"chunked","connection":"keep-alive, Transfer-Encoding"}
2025-03-09 14:06:21.164 [trace] #19: https://charliermarsh.gallerycdn.vsassets.io/extensions/charliermarsh/ruff/2025.14.0/1740738902848/Microsoft.VisualStudio.Code.Manifest?targetPlatform=linux-x64 - end GET 200 {"cache-control":"public, max-age=31536000","content-type":"application/json","last-modified":"Fri, 28 Feb 2025 10:35:05 GMT","etag":"0x8DD57E390A77ABE","x-ms-request-id":"73d76a9e-401e-00f7-28cd-89cb77000000","x-ms-version":"2009-09-19","x-ms-lease-status":"unlocked","x-ms-blob-type":"BlockBlob","access-control-expose-headers":"x-ms-request-id,Server,x-ms-version,Content-Type,Content-Encoding,Cache-Control,Last-Modified,ETag,x-ms-lease-status,x-ms-blob-type,Content-Length,Date,Transfer-Encoding","access-control-allow-origin":"*","date":"Sun, 09 Mar 2025 14:06:21 GMT","content-length":"26087","connection":"keep-alive"}
2025-03-09 14:06:21.175 [trace] #18: https://ms-python.gallerycdn.vsassets.io/extensions/ms-python/python/2025.2.0/1741200125973/Microsoft.VisualStudio.Code.Manifest?targetPlatform=linux-x64 - end GET 200 {"cache-control":"public, max-age=31536000","content-type":"application/json","last-modified":"Wed, 05 Mar 2025 18:42:08 GMT","etag":"0x8DD5C156F33F2D1","x-ms-request-id":"4c778162-a01e-0046-1dfe-8dd562000000","x-ms-version":"2009-09-19","x-ms-lease-status":"unlocked","x-ms-blob-type":"BlockBlob","access-control-expose-headers":"x-ms-request-id,Server,x-ms-version,Content-Type,Content-Encoding,Cache-Control,Last-Modified,ETag,x-ms-lease-status,x-ms-blob-type,Content-Length,Date,Transfer-Encoding","access-control-allow-origin":"*","date":"Sun, 09 Mar 2025 14:06:21 GMT","content-length":"39426","connection":"keep-alive"}
2025-03-09 14:06:21.176 [info] Installing extension: charliermarsh.ruff {"isMachineScoped":true,"installPreReleaseVersion":false,"isApplicationScoped":true,"isBuiltin":false,"installGivenVersion":false,"profileLocation":{"$mid":1,"fsPath":"/var/lib/odoo/.vscode-remote/extensions/extensions.json","external":"file:///var/lib/odoo/.vscode-remote/extensions/extensions.json","path":"/var/lib/odoo/.vscode-remote/extensions/extensions.json","scheme":"file"},"productVersion":{"version":"1.98.0","date":"2025-03-04T21:06:18.612Z"}}
2025-03-09 14:06:21.176 [info] Installing extension: ms-python.vscode-pylance {"isMachineScoped":true,"installPreReleaseVersion":false,"isApplicationScoped":true,"isBuiltin":false,"installGivenVersion":false,"profileLocation":{"$mid":1,"fsPath":"/var/lib/odoo/.vscode-remote/extensions/extensions.json","external":"file:///var/lib/odoo/.vscode-remote/extensions/extensions.json","path":"/var/lib/odoo/.vscode-remote/extensions/extensions.json","scheme":"file"},"productVersion":{"version":"1.98.0","date":"2025-03-04T21:06:18.612Z"}}
2025-03-09 14:06:21.176 [info] Installing extension: ms-python.python {"isMachineScoped":true,"installPreReleaseVersion":false,"isApplicationScoped":true,"isBuiltin":false,"installGivenVersion":false,"profileLocation":{"$mid":1,"fsPath":"/var/lib/odoo/.vscode-remote/extensions/extensions.json","external":"file:///var/lib/odoo/.vscode-remote/extensions/extensions.json","path":"/var/lib/odoo/.vscode-remote/extensions/extensions.json","scheme":"file"},"productVersion":{"version":"1.98.0","date":"2025-03-04T21:06:18.612Z"}}
2025-03-09 14:06:21.177 [trace] resolveShellEnv(): skipped (--force-disable-user-env)
2025-03-09 14:06:21.177 [trace] resolveShellEnv(): skipped (--force-disable-user-env)
2025-03-09 14:06:21.177 [trace] resolveShellEnv(): skipped (--force-disable-user-env)
2025-03-09 14:06:21.178 [trace] #21: https://marketplace.visualstudio.com/_apis/public/gallery/extensionquery - begin POST {"X-Market-Client-Id":"VSCode 1.98.0","User-Agent":"VSCode 1.98.0 (Code)","X-Market-User-Id":"6883bc5e-bfec-42bf-881d-0a51cc9bd853","VSCode-SessionId":"bc40e706dcf23ef41694c6d206f52b81b1842c731bdb760d15e6d3ad7f08608a","Content-Type":"application/json","Accept":"application/json;api-version=3.0-preview.1","Accept-Encoding":"gzip","Content-Length":"241"}
2025-03-09 14:06:21.178 [trace] #22: https://marketplace.visualstudio.com/_apis/public/gallery/extensionquery - begin POST {"X-Market-Client-Id":"VSCode 1.98.0","User-Agent":"VSCode 1.98.0 (Code)","X-Market-User-Id":"6883bc5e-bfec-42bf-881d-0a51cc9bd853","VSCode-SessionId":"bc40e706dcf23ef41694c6d206f52b81b1842c731bdb760d15e6d3ad7f08608a","Content-Type":"application/json","Accept":"application/json;api-version=3.0-preview.1","Accept-Encoding":"gzip","Content-Length":"241"}
2025-03-09 14:06:21.178 [trace] #23: https://marketplace.visualstudio.com/_apis/public/gallery/extensionquery - begin POST {"X-Market-Client-Id":"VSCode 1.98.0","User-Agent":"VSCode 1.98.0 (Code)","X-Market-User-Id":"6883bc5e-bfec-42bf-881d-0a51cc9bd853","VSCode-SessionId":"bc40e706dcf23ef41694c6d206f52b81b1842c731bdb760d15e6d3ad7f08608a","Content-Type":"application/json","Accept":"application/json;api-version=3.0-preview.1","Accept-Encoding":"gzip","Content-Length":"294"}
2025-03-09 14:06:21.233 [trace] #21: https://marketplace.visualstudio.com/_apis/public/gallery/extensionquery - end POST 200 {"cache-control":"no-cache, no-store, must-revalidate","pragma":"no-cache","content-length":"3986","content-type":"application/json; charset=utf-8; api-version=3.0-preview.1","content-encoding":"gzip","expires":"-1","vary":"Accept-Encoding","p3p":"CP=\"CAO DSP COR ADMa DEV CONo TELo CUR PSA PSD TAI IVDo OUR SAMi BUS DEM NAV STA UNI COM INT PHY ONL FIN PUR LOC CNT\"","set-cookie":["VstsSession=%7B%22PersistentSessionId%22%3A%227f868f44-b7e6-4413-b7de-db597dd73c1f%22%2C%22PendingAuthenticationSessionId%22%3A%2200000000-0000-0000-0000-000000000000%22%2C%22CurrentAuthenticationSessionId%22%3A%2200000000-0000-0000-0000-000000000000%22%2C%22SignInState%22%3A%7B%7D%7D;SameSite=None; domain=.visualstudio.com; expires=Mon, 09-Mar-2026 14:06:21 GMT; path=/; secure; HttpOnly"],"x-tfs-processid":"d0c8734d-62dc-441e-8ee0-6cd1b1c9c9c7","strict-transport-security":"max-age=31536000; includeSubDomains","activityid":"f43f49fc-f1b7-4d63-bfb3-a3ef8630a773","x-tfs-session":"f43f49fc-f1b7-4d63-bfb3-a3ef8630a773","x-vss-e2eid":"f43f49fc-f1b7-4d63-bfb3-a3ef8630a773","x-vss-senderdeploymentid":"2663b13f-50e3-a655-a159-22f6f4725fab","request-context":"appId=cid-v1:84715e31-583a-4723-a46d-946169b2f4a8","access-control-expose-headers":"Request-Context","x-content-type-options":"nosniff","x-cache":"CONFIG_NOCACHE","x-msedge-ref":"Ref A: 65C684CFACBB4E56BE61740CA6E1FCE9 Ref B: STBEDGE0209 Ref C: 2025-03-09T14:06:21Z","date":"Sun, 09 Mar 2025 14:06:20 GMT"}
2025-03-09 14:06:21.236 [trace] resolveShellEnv(): skipped (--force-disable-user-env)
2025-03-09 14:06:21.237 [trace] #24: https://marketplace.visualstudio.com/_apis/public/gallery/extensionquery - begin POST {"X-Market-Client-Id":"VSCode 1.98.0","User-Agent":"VSCode 1.98.0 (Code)","X-Market-User-Id":"6883bc5e-bfec-42bf-881d-0a51cc9bd853","VSCode-SessionId":"bc40e706dcf23ef41694c6d206f52b81b1842c731bdb760d15e6d3ad7f08608a","Content-Type":"application/json","Accept":"application/json;api-version=3.0-preview.1","Accept-Encoding":"gzip","Content-Length":"261"}
2025-03-09 14:06:21.292 [trace] #23: https://marketplace.visualstudio.com/_apis/public/gallery/extensionquery - end POST 200 {"cache-control":"no-cache, no-store, must-revalidate","pragma":"no-cache","content-length":"3533","content-type":"application/json; charset=utf-8; api-version=3.0-preview.1","content-encoding":"gzip","expires":"-1","vary":"Accept-Encoding","p3p":"CP=\"CAO DSP COR ADMa DEV CONo TELo CUR PSA PSD TAI IVDo OUR SAMi BUS DEM NAV STA UNI COM INT PHY ONL FIN PUR LOC CNT\"","set-cookie":["VstsSession=%7B%22PersistentSessionId%22%3A%221b767229-6d98-476a-985e-2806b4794425%22%2C%22PendingAuthenticationSessionId%22%3A%2200000000-0000-0000-0000-000000000000%22%2C%22CurrentAuthenticationSessionId%22%3A%2200000000-0000-0000-0000-000000000000%22%2C%22SignInState%22%3A%7B%7D%7D;SameSite=None; domain=.visualstudio.com; expires=Mon, 09-Mar-2026 14:06:21 GMT; path=/; secure; HttpOnly"],"x-tfs-processid":"584e584b-b01f-4ce2-a2dd-78fb3a816db1","strict-transport-security":"max-age=31536000; includeSubDomains","activityid":"c906c46c-afab-407e-a9ac-66a7654ef1bf","x-tfs-session":"c906c46c-afab-407e-a9ac-66a7654ef1bf","x-vss-e2eid":"c906c46c-afab-407e-a9ac-66a7654ef1bf","x-vss-senderdeploymentid":"2663b13f-50e3-a655-a159-22f6f4725fab","request-context":"appId=cid-v1:84715e31-583a-4723-a46d-946169b2f4a8","access-control-expose-headers":"Request-Context","x-content-type-options":"nosniff","x-cache":"CONFIG_NOCACHE","x-msedge-ref":"Ref A: 00DB1831C35B49F195F900B00E6351DE Ref B: STBEDGE0407 Ref C: 2025-03-09T14:06:21Z","date":"Sun, 09 Mar 2025 14:06:20 GMT"}
2025-03-09 14:06:21.294 [trace] resolveShellEnv(): skipped (--force-disable-user-env)
2025-03-09 14:06:21.294 [trace] #25: https://marketplace.visualstudio.com/_apis/public/gallery/extensionquery - begin POST {"X-Market-Client-Id":"VSCode 1.98.0","User-Agent":"VSCode 1.98.0 (Code)","X-Market-User-Id":"6883bc5e-bfec-42bf-881d-0a51cc9bd853","VSCode-SessionId":"bc40e706dcf23ef41694c6d206f52b81b1842c731bdb760d15e6d3ad7f08608a","Content-Type":"application/json","Accept":"application/json;api-version=3.0-preview.1","Accept-Encoding":"gzip","Content-Length":"261"}
2025-03-09 14:06:21.326 [trace] #22: https://marketplace.visualstudio.com/_apis/public/gallery/extensionquery - end POST 200 {"cache-control":"no-cache, no-store, must-revalidate","pragma":"no-cache","content-length":"3981","content-type":"application/json; charset=utf-8; api-version=3.0-preview.1","content-encoding":"gzip","expires":"-1","vary":"Accept-Encoding","p3p":"CP=\"CAO DSP COR ADMa DEV CONo TELo CUR PSA PSD TAI IVDo OUR SAMi BUS DEM NAV STA UNI COM INT PHY ONL FIN PUR LOC CNT\"","set-cookie":["VstsSession=%7B%22PersistentSessionId%22%3A%220909cacc-9ee1-45ac-9f35-d2a209c76313%22%2C%22PendingAuthenticationSessionId%22%3A%2200000000-0000-0000-0000-000000000000%22%2C%22CurrentAuthenticationSessionId%22%3A%2200000000-0000-0000-0000-000000000000%22%2C%22SignInState%22%3A%7B%7D%7D;SameSite=None; domain=.visualstudio.com; expires=Mon, 09-Mar-2026 14:06:21 GMT; path=/; secure; HttpOnly"],"x-tfs-processid":"d1641e3b-14cc-4aba-9243-b915dfd81d50","strict-transport-security":"max-age=31536000; includeSubDomains","activityid":"d206ab28-7441-4437-b491-e456873f9c4d","x-tfs-session":"d206ab28-7441-4437-b491-e456873f9c4d","x-vss-e2eid":"d206ab28-7441-4437-b491-e456873f9c4d","x-vss-senderdeploymentid":"2663b13f-50e3-a655-a159-22f6f4725fab","request-context":"appId=cid-v1:84715e31-583a-4723-a46d-946169b2f4a8","access-control-expose-headers":"Request-Context","x-content-type-options":"nosniff","x-cache":"CONFIG_NOCACHE","x-msedge-ref":"Ref A: 354C658E889144139EB59B526FB6B83B Ref B: CO1EDGE1518 Ref C: 2025-03-09T14:06:21Z","date":"Sun, 09 Mar 2025 14:06:21 GMT"}
2025-03-09 14:06:21.327 [trace] resolveShellEnv(): skipped (--force-disable-user-env)
2025-03-09 14:06:21.328 [trace] #26: https://marketplace.visualstudio.com/_apis/public/gallery/extensionquery - begin POST {"X-Market-Client-Id":"VSCode 1.98.0","User-Agent":"VSCode 1.98.0 (Code)","X-Market-User-Id":"6883bc5e-bfec-42bf-881d-0a51cc9bd853","VSCode-SessionId":"bc40e706dcf23ef41694c6d206f52b81b1842c731bdb760d15e6d3ad7f08608a","Content-Type":"application/json","Accept":"application/json;api-version=3.0-preview.1","Accept-Encoding":"gzip","Content-Length":"261"}
2025-03-09 14:06:21.374 [trace] #25: https://marketplace.visualstudio.com/_apis/public/gallery/extensionquery - end POST 200 {"cache-control":"no-cache, no-store, must-revalidate","pragma":"no-cache","transfer-encoding":"chunked","content-type":"application/json; charset=utf-8; api-version=3.0-preview.1","content-encoding":"gzip","expires":"-1","vary":"Accept-Encoding","p3p":"CP=\"CAO DSP COR ADMa DEV CONo TELo CUR PSA PSD TAI IVDo OUR SAMi BUS DEM NAV STA UNI COM INT PHY ONL FIN PUR LOC CNT\"","set-cookie":["VstsSession=%7B%22PersistentSessionId%22%3A%2278e77b7b-628a-441b-b541-9f753a477610%22%2C%22PendingAuthenticationSessionId%22%3A%2200000000-0000-0000-0000-000000000000%22%2C%22CurrentAuthenticationSessionId%22%3A%2200000000-0000-0000-0000-000000000000%22%2C%22SignInState%22%3A%7B%7D%7D;SameSite=None; domain=.visualstudio.com; expires=Mon, 09-Mar-2026 14:06:21 GMT; path=/; secure; HttpOnly"],"x-tfs-processid":"584e584b-b01f-4ce2-a2dd-78fb3a816db1","strict-transport-security":"max-age=31536000; includeSubDomains","activityid":"c906c46e-afab-407e-a9ac-66a7654ef1bf","x-tfs-session":"c906c46e-afab-407e-a9ac-66a7654ef1bf","x-vss-e2eid":"c906c46e-afab-407e-a9ac-66a7654ef1bf","x-vss-senderdeploymentid":"2663b13f-50e3-a655-a159-22f6f4725fab","request-context":"appId=cid-v1:84715e31-583a-4723-a46d-946169b2f4a8","access-control-expose-headers":"Request-Context","x-content-type-options":"nosniff","x-cache":"CONFIG_NOCACHE","x-msedge-ref":"Ref A: 6141761C04C24B6C8F74FA207F102CDE Ref B: STBEDGE0407 Ref C: 2025-03-09T14:06:21Z","date":"Sun, 09 Mar 2025 14:06:20 GMT"}
2025-03-09 14:06:21.392 [info] Getting Manifest... ms-python.vscode-pylance
2025-03-09 14:06:21.392 [trace] resolveShellEnv(): skipped (--force-disable-user-env)
2025-03-09 14:06:21.392 [trace] #27: https://ms-python.gallerycdn.vsassets.io/extensions/ms-python/vscode-pylance/2025.3.1/1741221073550/Microsoft.VisualStudio.Code.Manifest - begin GET {"X-Market-Client-Id":"VSCode 1.98.0","User-Agent":"VSCode 1.98.0 (Code)","X-Market-User-Id":"6883bc5e-bfec-42bf-881d-0a51cc9bd853","VSCode-SessionId":"bc40e706dcf23ef41694c6d206f52b81b1842c731bdb760d15e6d3ad7f08608a"}
2025-03-09 14:06:21.394 [trace] #24: https://marketplace.visualstudio.com/_apis/public/gallery/extensionquery - end POST 200 {"cache-control":"no-cache, no-store, must-revalidate","pragma":"no-cache","transfer-encoding":"chunked","content-type":"application/json; charset=utf-8; api-version=3.0-preview.1","content-encoding":"gzip","expires":"-1","vary":"Accept-Encoding","p3p":"CP=\"CAO DSP COR ADMa DEV CONo TELo CUR PSA PSD TAI IVDo OUR SAMi BUS DEM NAV STA UNI COM INT PHY ONL FIN PUR LOC CNT\"","set-cookie":["VstsSession=%7B%22PersistentSessionId%22%3A%2286b9e702-50f0-456f-922f-b160bcd0643a%22%2C%22PendingAuthenticationSessionId%22%3A%2200000000-0000-0000-0000-000000000000%22%2C%22CurrentAuthenticationSessionId%22%3A%2200000000-0000-0000-0000-000000000000%22%2C%22SignInState%22%3A%7B%7D%7D;SameSite=None; domain=.visualstudio.com; expires=Mon, 09-Mar-2026 14:06:21 GMT; path=/; secure; HttpOnly"],"x-tfs-processid":"d0c8734d-62dc-441e-8ee0-6cd1b1c9c9c7","strict-transport-security":"max-age=31536000; includeSubDomains","activityid":"f43f49f3-f1b7-4d63-bfb3-a3ef8630a773","x-tfs-session":"f43f49f3-f1b7-4d63-bfb3-a3ef8630a773","x-vss-e2eid":"f43f49f3-f1b7-4d63-bfb3-a3ef8630a773","x-vss-senderdeploymentid":"2663b13f-50e3-a655-a159-22f6f4725fab","request-context":"appId=cid-v1:84715e31-583a-4723-a46d-946169b2f4a8","access-control-expose-headers":"Request-Context","x-content-type-options":"nosniff","x-cache":"CONFIG_NOCACHE","x-msedge-ref":"Ref A: ABD263255B784BD181C72705C494E833 Ref B: STBEDGE0209 Ref C: 2025-03-09T14:06:21Z","date":"Sun, 09 Mar 2025 14:06:20 GMT"}
2025-03-09 14:06:21.433 [trace] #27: https://ms-python.gallerycdn.vsassets.io/extensions/ms-python/vscode-pylance/2025.3.1/1741221073550/Microsoft.VisualStudio.Code.Manifest - end GET 200 {"cache-control":"public, max-age=31536000","content-type":"application/json","last-modified":"Thu, 06 Mar 2025 00:31:19 GMT","etag":"0x8DD5C4636B97517","x-ms-request-id":"08261171-e01e-008c-2830-8e89eb000000","x-ms-version":"2009-09-19","x-ms-lease-status":"unlocked","x-ms-blob-type":"BlockBlob","access-control-expose-headers":"x-ms-request-id,Server,x-ms-version,Content-Type,Content-Encoding,Cache-Control,Last-Modified,ETag,x-ms-lease-status,x-ms-blob-type,Content-Length,Date,Transfer-Encoding","access-control-allow-origin":"*","date":"Sun, 09 Mar 2025 14:06:21 GMT","transfer-encoding":"chunked","connection":"keep-alive, Transfer-Encoding"}
2025-03-09 14:06:21.436 [info] Getting Manifest... ms-python.debugpy
2025-03-09 14:06:21.437 [trace] resolveShellEnv(): skipped (--force-disable-user-env)
2025-03-09 14:06:21.437 [trace] #28: https://ms-python.gallerycdn.vsassets.io/extensions/ms-python/debugpy/2025.4.0/1741202013741/Microsoft.VisualStudio.Code.Manifest?targetPlatform=linux-x64 - begin GET {"X-Market-Client-Id":"VSCode 1.98.0","User-Agent":"VSCode 1.98.0 (Code)","X-Market-User-Id":"6883bc5e-bfec-42bf-881d-0a51cc9bd853","VSCode-SessionId":"bc40e706dcf23ef41694c6d206f52b81b1842c731bdb760d15e6d3ad7f08608a"}
2025-03-09 14:06:21.472 [info] Getting Manifest... ms-python.python
2025-03-09 14:06:21.472 [trace] resolveShellEnv(): skipped (--force-disable-user-env)
2025-03-09 14:06:21.472 [trace] #29: https://ms-python.gallerycdn.vsassets.io/extensions/ms-python/python/2025.2.0/1741200125973/Microsoft.VisualStudio.Code.Manifest?targetPlatform=linux-x64 - begin GET {"X-Market-Client-Id":"VSCode 1.98.0","User-Agent":"VSCode 1.98.0 (Code)","X-Market-User-Id":"6883bc5e-bfec-42bf-881d-0a51cc9bd853","VSCode-SessionId":"bc40e706dcf23ef41694c6d206f52b81b1842c731bdb760d15e6d3ad7f08608a"}
2025-03-09 14:06:21.474 [trace] #28: https://ms-python.gallerycdn.vsassets.io/extensions/ms-python/debugpy/2025.4.0/1741202013741/Microsoft.VisualStudio.Code.Manifest?targetPlatform=linux-x64 - end GET 200 {"cache-control":"public, max-age=31536000","content-type":"application/json","last-modified":"Wed, 05 Mar 2025 19:13:40 GMT","etag":"0x8DD5C19D69DD85D","x-ms-request-id":"39337ab1-501e-00fc-1003-8ee060000000","x-ms-version":"2009-09-19","x-ms-lease-status":"unlocked","x-ms-blob-type":"BlockBlob","access-control-expose-headers":"x-ms-request-id,Server,x-ms-version,Content-Type,Content-Encoding,Cache-Control,Last-Modified,ETag,x-ms-lease-status,x-ms-blob-type,Content-Length,Date,Transfer-Encoding","access-control-allow-origin":"*","date":"Sun, 09 Mar 2025 14:06:21 GMT","content-length":"12959","connection":"keep-alive"}
2025-03-09 14:06:21.475 [trace] Started scanning system extensions
2025-03-09 14:06:21.476 [trace] Started scanning user extensions {"$mid":1,"fsPath":"/var/lib/odoo/.vscode-remote/extensions/extensions.json","external":"file:///var/lib/odoo/.vscode-remote/extensions/extensions.json","path":"/var/lib/odoo/.vscode-remote/extensions/extensions.json","scheme":"file"}
2025-03-09 14:06:21.485 [debug] Using cached extensions scan result system file:///vscode/bin/linux-x64/6609ac3d66f4eade5cf376d1cb76f13985724bcb/extensions
2025-03-09 14:06:21.485 [trace] Scanned system extensions: 32
2025-03-09 14:06:21.488 [trace] #29: https://ms-python.gallerycdn.vsassets.io/extensions/ms-python/python/2025.2.0/1741200125973/Microsoft.VisualStudio.Code.Manifest?targetPlatform=linux-x64 - end GET 200 {"cache-control":"public, max-age=31536000","content-type":"application/json","last-modified":"Wed, 05 Mar 2025 18:42:08 GMT","etag":"0x8DD5C156F33F2D1","x-ms-request-id":"4c778162-a01e-0046-1dfe-8dd562000000","x-ms-version":"2009-09-19","x-ms-lease-status":"unlocked","x-ms-blob-type":"BlockBlob","access-control-expose-headers":"x-ms-request-id,Server,x-ms-version,Content-Type,Content-Encoding,Cache-Control,Last-Modified,ETag,x-ms-lease-status,x-ms-blob-type,Content-Length,Date,Transfer-Encoding","access-control-allow-origin":"*","date":"Sun, 09 Mar 2025 14:06:21 GMT","content-length":"39426","connection":"keep-alive"}
2025-03-09 14:06:21.489 [trace] resolveShellEnv(): skipped (--force-disable-user-env)
2025-03-09 14:06:21.490 [trace] #30: https://marketplace.visualstudio.com/_apis/public/gallery/extensionquery - begin POST {"X-Market-Client-Id":"VSCode 1.98.0","User-Agent":"VSCode 1.98.0 (Code)","X-Market-User-Id":"6883bc5e-bfec-42bf-881d-0a51cc9bd853","VSCode-SessionId":"bc40e706dcf23ef41694c6d206f52b81b1842c731bdb760d15e6d3ad7f08608a","Content-Type":"application/json","Accept":"application/json;api-version=3.0-preview.1","Accept-Encoding":"gzip","Content-Length":"294"}
2025-03-09 14:06:21.492 [trace] Scanned user extensions: 2
2025-03-09 14:06:21.501 [info] Installing extension: ms-python.debugpy {"isMachineScoped":true,"installPreReleaseVersion":false,"isApplicationScoped":true,"isBuiltin":false,"installGivenVersion":false,"profileLocation":{"$mid":1,"fsPath":"/var/lib/odoo/.vscode-remote/extensions/extensions.json","external":"file:///var/lib/odoo/.vscode-remote/extensions/extensions.json","path":"/var/lib/odoo/.vscode-remote/extensions/extensions.json","scheme":"file"},"productVersion":{"version":"1.98.0","date":"2025-03-04T21:06:18.612Z"},"context":{"dependecyOrPackExtensionInstall":true}}
2025-03-09 14:06:21.541 [trace] #30: https://marketplace.visualstudio.com/_apis/public/gallery/extensionquery - end POST 200 {"cache-control":"no-cache, no-store, must-revalidate","pragma":"no-cache","content-length":"3539","content-type":"application/json; charset=utf-8; api-version=3.0-preview.1","content-encoding":"gzip","expires":"-1","vary":"Accept-Encoding","p3p":"CP=\"CAO DSP COR ADMa DEV CONo TELo CUR PSA PSD TAI IVDo OUR SAMi BUS DEM NAV STA UNI COM INT PHY ONL FIN PUR LOC CNT\"","set-cookie":["VstsSession=%7B%22PersistentSessionId%22%3A%220e6bba3f-b10e-475b-9970-f5c4ac8e2e57%22%2C%22PendingAuthenticationSessionId%22%3A%2200000000-0000-0000-0000-000000000000%22%2C%22CurrentAuthenticationSessionId%22%3A%2200000000-0000-0000-0000-000000000000%22%2C%22SignInState%22%3A%7B%7D%7D;SameSite=None; domain=.visualstudio.com; expires=Mon, 09-Mar-2026 14:06:21 GMT; path=/; secure; HttpOnly"],"x-tfs-processid":"d0c8734d-62dc-441e-8ee0-6cd1b1c9c9c7","strict-transport-security":"max-age=31536000; includeSubDomains","activityid":"f43f49e6-f1b7-4d63-bfb3-a3ef8630a773","x-tfs-session":"f43f49e6-f1b7-4d63-bfb3-a3ef8630a773","x-vss-e2eid":"f43f49e6-f1b7-4d63-bfb3-a3ef8630a773","x-vss-senderdeploymentid":"2663b13f-50e3-a655-a159-22f6f4725fab","request-context":"appId=cid-v1:84715e31-583a-4723-a46d-946169b2f4a8","access-control-expose-headers":"Request-Context","x-content-type-options":"nosniff","x-cache":"CONFIG_NOCACHE","x-msedge-ref":"Ref A: 7101E69DC63D4EAB8E20194613859138 Ref B: STBEDGE0209 Ref C: 2025-03-09T14:06:21Z","date":"Sun, 09 Mar 2025 14:06:20 GMT"}
2025-03-09 14:06:21.543 [trace] resolveShellEnv(): skipped (--force-disable-user-env)
2025-03-09 14:06:21.543 [trace] #31: https://marketplace.visualstudio.com/_apis/public/gallery/extensionquery - begin POST {"X-Market-Client-Id":"VSCode 1.98.0","User-Agent":"VSCode 1.98.0 (Code)","X-Market-User-Id":"6883bc5e-bfec-42bf-881d-0a51cc9bd853","VSCode-SessionId":"bc40e706dcf23ef41694c6d206f52b81b1842c731bdb760d15e6d3ad7f08608a","Content-Type":"application/json","Accept":"application/json;api-version=3.0-preview.1","Accept-Encoding":"gzip","Content-Length":"261"}
2025-03-09 14:06:21.555 [trace] #26: https://marketplace.visualstudio.com/_apis/public/gallery/extensionquery - end POST 200 {"cache-control":"no-cache, no-store, must-revalidate","pragma":"no-cache","transfer-encoding":"chunked","content-type":"application/json; charset=utf-8; api-version=3.0-preview.1","content-encoding":"gzip","expires":"-1","vary":"Accept-Encoding","p3p":"CP=\"CAO DSP COR ADMa DEV CONo TELo CUR PSA PSD TAI IVDo OUR SAMi BUS DEM NAV STA UNI COM INT PHY ONL FIN PUR LOC CNT\"","set-cookie":["VstsSession=%7B%22PersistentSessionId%22%3A%22a76cc688-2f23-4ff0-a543-1e0fa5a8abc9%22%2C%22PendingAuthenticationSessionId%22%3A%2200000000-0000-0000-0000-000000000000%22%2C%22CurrentAuthenticationSessionId%22%3A%2200000000-0000-0000-0000-000000000000%22%2C%22SignInState%22%3A%7B%7D%7D;SameSite=None; domain=.visualstudio.com; expires=Mon, 09-Mar-2026 14:06:21 GMT; path=/; secure; HttpOnly"],"x-tfs-processid":"d1641e3b-14cc-4aba-9243-b915dfd81d50","strict-transport-security":"max-age=31536000; includeSubDomains","activityid":"d206ab51-7441-4437-b491-e456873f9c4d","x-tfs-session":"d206ab51-7441-4437-b491-e456873f9c4d","x-vss-e2eid":"d206ab51-7441-4437-b491-e456873f9c4d","x-vss-senderdeploymentid":"2663b13f-50e3-a655-a159-22f6f4725fab","request-context":"appId=cid-v1:84715e31-583a-4723-a46d-946169b2f4a8","access-control-expose-headers":"Request-Context","x-content-type-options":"nosniff","x-cache":"CONFIG_NOCACHE","x-msedge-ref":"Ref A: 2308A5B728ED4DADB5099A506721D62E Ref B: CO1EDGE1518 Ref C: 2025-03-09T14:06:21Z","date":"Sun, 09 Mar 2025 14:06:21 GMT"}
2025-03-09 14:06:21.613 [trace] #31: https://marketplace.visualstudio.com/_apis/public/gallery/extensionquery - end POST 200 {"cache-control":"no-cache, no-store, must-revalidate","pragma":"no-cache","transfer-encoding":"chunked","content-type":"application/json; charset=utf-8; api-version=3.0-preview.1","content-encoding":"gzip","expires":"-1","vary":"Accept-Encoding","p3p":"CP=\"CAO DSP COR ADMa DEV CONo TELo CUR PSA PSD TAI IVDo OUR SAMi BUS DEM NAV STA UNI COM INT PHY ONL FIN PUR LOC CNT\"","set-cookie":["VstsSession=%7B%22PersistentSessionId%22%3A%2268a5fd8b-f71f-4463-a75e-7c65e692d800%22%2C%22PendingAuthenticationSessionId%22%3A%2200000000-0000-0000-0000-000000000000%22%2C%22CurrentAuthenticationSessionId%22%3A%2200000000-0000-0000-0000-000000000000%22%2C%22SignInState%22%3A%7B%7D%7D;SameSite=None; domain=.visualstudio.com; expires=Mon, 09-Mar-2026 14:06:21 GMT; path=/; secure; HttpOnly"],"x-tfs-processid":"d0c8734d-62dc-441e-8ee0-6cd1b1c9c9c7","strict-transport-security":"max-age=31536000; includeSubDomains","activityid":"f43f49d9-f1b7-4d63-bfb3-a3ef8630a773","x-tfs-session":"f43f49d9-f1b7-4d63-bfb3-a3ef8630a773","x-vss-e2eid":"f43f49d9-f1b7-4d63-bfb3-a3ef8630a773","x-vss-senderdeploymentid":"2663b13f-50e3-a655-a159-22f6f4725fab","request-context":"appId=cid-v1:84715e31-583a-4723-a46d-946169b2f4a8","access-control-expose-headers":"Request-Context","x-content-type-options":"nosniff","x-cache":"CONFIG_NOCACHE","x-msedge-ref":"Ref A: AB86751ED8A142679FCF6BC38BD86539 Ref B: STBEDGE0209 Ref C: 2025-03-09T14:06:21Z","date":"Sun, 09 Mar 2025 14:06:20 GMT"}
2025-03-09 14:06:21.622 [info] Getting Manifest... ms-python.vscode-pylance
2025-03-09 14:06:21.623 [trace] resolveShellEnv(): skipped (--force-disable-user-env)
2025-03-09 14:06:21.623 [trace] #32: https://ms-python.gallerycdn.vsassets.io/extensions/ms-python/vscode-pylance/2025.3.1/1741221073550/Microsoft.VisualStudio.Code.Manifest - begin GET {"X-Market-Client-Id":"VSCode 1.98.0","User-Agent":"VSCode 1.98.0 (Code)","X-Market-User-Id":"6883bc5e-bfec-42bf-881d-0a51cc9bd853","VSCode-SessionId":"bc40e706dcf23ef41694c6d206f52b81b1842c731bdb760d15e6d3ad7f08608a"}
2025-03-09 14:06:21.642 [trace] #32: https://ms-python.gallerycdn.vsassets.io/extensions/ms-python/vscode-pylance/2025.3.1/1741221073550/Microsoft.VisualStudio.Code.Manifest - end GET 200 {"cache-control":"public, max-age=31536000","content-type":"application/json","last-modified":"Thu, 06 Mar 2025 00:31:19 GMT","etag":"0x8DD5C4636B97517","x-ms-request-id":"08261171-e01e-008c-2830-8e89eb000000","x-ms-version":"2009-09-19","x-ms-lease-status":"unlocked","x-ms-blob-type":"BlockBlob","access-control-expose-headers":"x-ms-request-id,Server,x-ms-version,Content-Type,Content-Encoding,Cache-Control,Last-Modified,ETag,x-ms-lease-status,x-ms-blob-type,Content-Length,Date,Transfer-Encoding","access-control-allow-origin":"*","date":"Sun, 09 Mar 2025 14:06:21 GMT","transfer-encoding":"chunked","connection":"keep-alive, Transfer-Encoding"}
2025-03-09 14:06:21.663 [info] Getting Manifest... ms-python.debugpy
2025-03-09 14:06:21.664 [trace] resolveShellEnv(): skipped (--force-disable-user-env)
2025-03-09 14:06:21.664 [trace] #33: https://ms-python.gallerycdn.vsassets.io/extensions/ms-python/debugpy/2025.4.0/1741202013741/Microsoft.VisualStudio.Code.Manifest?targetPlatform=linux-x64 - begin GET {"X-Market-Client-Id":"VSCode 1.98.0","User-Agent":"VSCode 1.98.0 (Code)","X-Market-User-Id":"6883bc5e-bfec-42bf-881d-0a51cc9bd853","VSCode-SessionId":"bc40e706dcf23ef41694c6d206f52b81b1842c731bdb760d15e6d3ad7f08608a"}
2025-03-09 14:06:21.670 [trace] #33: https://ms-python.gallerycdn.vsassets.io/extensions/ms-python/debugpy/2025.4.0/1741202013741/Microsoft.VisualStudio.Code.Manifest?targetPlatform=linux-x64 - end GET 200 {"cache-control":"public, max-age=31536000","content-type":"application/json","last-modified":"Wed, 05 Mar 2025 19:13:40 GMT","etag":"0x8DD5C19D69DD85D","x-ms-request-id":"39337ab1-501e-00fc-1003-8ee060000000","x-ms-version":"2009-09-19","x-ms-lease-status":"unlocked","x-ms-blob-type":"BlockBlob","access-control-expose-headers":"x-ms-request-id,Server,x-ms-version,Content-Type,Content-Encoding,Cache-Control,Last-Modified,ETag,x-ms-lease-status,x-ms-blob-type,Content-Length,Date,Transfer-Encoding","access-control-allow-origin":"*","date":"Sun, 09 Mar 2025 14:06:21 GMT","content-length":"12959","connection":"keep-alive"}
2025-03-09 14:06:21.671 [trace] Started scanning system extensions
2025-03-09 14:06:21.671 [trace] Started scanning user extensions {"$mid":1,"fsPath":"/var/lib/odoo/.vscode-remote/extensions/extensions.json","external":"file:///var/lib/odoo/.vscode-remote/extensions/extensions.json","path":"/var/lib/odoo/.vscode-remote/extensions/extensions.json","scheme":"file"}
2025-03-09 14:06:21.677 [debug] Using cached extensions scan result system file:///vscode/bin/linux-x64/6609ac3d66f4eade5cf376d1cb76f13985724bcb/extensions
2025-03-09 14:06:21.677 [trace] Scanned system extensions: 32
2025-03-09 14:06:21.680 [trace] Scanned user extensions: 2
2025-03-09 14:06:21.720 [info] Getting Manifest... ms-python.python
2025-03-09 14:06:21.720 [trace] resolveShellEnv(): skipped (--force-disable-user-env)
2025-03-09 14:06:21.722 [trace] #34: https://ms-python.gallerycdn.vsassets.io/extensions/ms-python/python/2025.2.0/1741200125973/Microsoft.VisualStudio.Code.Manifest?targetPlatform=linux-x64 - begin GET {"X-Market-Client-Id":"VSCode 1.98.0","User-Agent":"VSCode 1.98.0 (Code)","X-Market-User-Id":"6883bc5e-bfec-42bf-881d-0a51cc9bd853","VSCode-SessionId":"bc40e706dcf23ef41694c6d206f52b81b1842c731bdb760d15e6d3ad7f08608a"}
2025-03-09 14:06:21.736 [trace] #34: https://ms-python.gallerycdn.vsassets.io/extensions/ms-python/python/2025.2.0/1741200125973/Microsoft.VisualStudio.Code.Manifest?targetPlatform=linux-x64 - end GET 200 {"cache-control":"public, max-age=31536000","content-type":"application/json","last-modified":"Wed, 05 Mar 2025 18:42:08 GMT","etag":"0x8DD5C156F33F2D1","x-ms-request-id":"4c778162-a01e-0046-1dfe-8dd562000000","x-ms-version":"2009-09-19","x-ms-lease-status":"unlocked","x-ms-blob-type":"BlockBlob","access-control-expose-headers":"x-ms-request-id,Server,x-ms-version,Content-Type,Content-Encoding,Cache-Control,Last-Modified,ETag,x-ms-lease-status,x-ms-blob-type,Content-Length,Date,Transfer-Encoding","access-control-allow-origin":"*","date":"Sun, 09 Mar 2025 14:06:21 GMT","content-length":"39426","connection":"keep-alive"}
2025-03-09 14:06:21.737 [trace] resolveShellEnv(): skipped (--force-disable-user-env)
2025-03-09 14:06:21.737 [trace] #35: https://marketplace.visualstudio.com/_apis/public/gallery/extensionquery - begin POST {"X-Market-Client-Id":"VSCode 1.98.0","User-Agent":"VSCode 1.98.0 (Code)","X-Market-User-Id":"6883bc5e-bfec-42bf-881d-0a51cc9bd853","VSCode-SessionId":"bc40e706dcf23ef41694c6d206f52b81b1842c731bdb760d15e6d3ad7f08608a","Content-Type":"application/json","Accept":"application/json;api-version=3.0-preview.1","Accept-Encoding":"gzip","Content-Length":"242"}
2025-03-09 14:06:21.783 [trace] #35: https://marketplace.visualstudio.com/_apis/public/gallery/extensionquery - end POST 200 {"cache-control":"no-cache, no-store, must-revalidate","pragma":"no-cache","content-length":"2801","content-type":"application/json; charset=utf-8; api-version=3.0-preview.1","content-encoding":"gzip","expires":"-1","vary":"Accept-Encoding","p3p":"CP=\"CAO DSP COR ADMa DEV CONo TELo CUR PSA PSD TAI IVDo OUR SAMi BUS DEM NAV STA UNI COM INT PHY ONL FIN PUR LOC CNT\"","set-cookie":["VstsSession=%7B%22PersistentSessionId%22%3A%22c393e642-a488-40aa-9dd9-272e77d973f8%22%2C%22PendingAuthenticationSessionId%22%3A%2200000000-0000-0000-0000-000000000000%22%2C%22CurrentAuthenticationSessionId%22%3A%2200000000-0000-0000-0000-000000000000%22%2C%22SignInState%22%3A%7B%7D%7D;SameSite=None; domain=.visualstudio.com; expires=Mon, 09-Mar-2026 14:06:21 GMT; path=/; secure; HttpOnly"],"x-tfs-processid":"d1641e3b-14cc-4aba-9243-b915dfd81d50","strict-transport-security":"max-age=31536000; includeSubDomains","activityid":"d206ab75-7441-4437-b491-e456873f9c4d","x-tfs-session":"d206ab75-7441-4437-b491-e456873f9c4d","x-vss-e2eid":"d206ab75-7441-4437-b491-e456873f9c4d","x-vss-senderdeploymentid":"2663b13f-50e3-a655-a159-22f6f4725fab","request-context":"appId=cid-v1:84715e31-583a-4723-a46d-946169b2f4a8","access-control-expose-headers":"Request-Context","x-content-type-options":"nosniff","x-cache":"CONFIG_NOCACHE","x-msedge-ref":"Ref A: 2B42B27CD8C94EFCADC0A5D5B9244EBF Ref B: CO1EDGE1518 Ref C: 2025-03-09T14:06:21Z","date":"Sun, 09 Mar 2025 14:06:21 GMT"}
2025-03-09 14:06:21.785 [info] Getting Manifest... ms-python.debugpy
2025-03-09 14:06:21.785 [trace] resolveShellEnv(): skipped (--force-disable-user-env)
2025-03-09 14:06:21.785 [trace] #36: https://ms-python.gallerycdn.vsassets.io/extensions/ms-python/debugpy/2025.4.0/1741202013741/Microsoft.VisualStudio.Code.Manifest?targetPlatform=linux-x64 - begin GET {"X-Market-Client-Id":"VSCode 1.98.0","User-Agent":"VSCode 1.98.0 (Code)","X-Market-User-Id":"6883bc5e-bfec-42bf-881d-0a51cc9bd853","VSCode-SessionId":"bc40e706dcf23ef41694c6d206f52b81b1842c731bdb760d15e6d3ad7f08608a"}
2025-03-09 14:06:21.792 [trace] #36: https://ms-python.gallerycdn.vsassets.io/extensions/ms-python/debugpy/2025.4.0/1741202013741/Microsoft.VisualStudio.Code.Manifest?targetPlatform=linux-x64 - end GET 200 {"cache-control":"public, max-age=31536000","content-type":"application/json","last-modified":"Wed, 05 Mar 2025 19:13:40 GMT","etag":"0x8DD5C19D69DD85D","x-ms-request-id":"39337ab1-501e-00fc-1003-8ee060000000","x-ms-version":"2009-09-19","x-ms-lease-status":"unlocked","x-ms-blob-type":"BlockBlob","access-control-expose-headers":"x-ms-request-id,Server,x-ms-version,Content-Type,Content-Encoding,Cache-Control,Last-Modified,ETag,x-ms-lease-status,x-ms-blob-type,Content-Length,Date,Transfer-Encoding","access-control-allow-origin":"*","date":"Sun, 09 Mar 2025 14:06:21 GMT","content-length":"12959","connection":"keep-alive"}
2025-03-09 14:06:21.792 [trace] Started scanning system extensions
2025-03-09 14:06:21.792 [trace] Started scanning user extensions {"$mid":1,"fsPath":"/var/lib/odoo/.vscode-remote/extensions/extensions.json","external":"file:///var/lib/odoo/.vscode-remote/extensions/extensions.json","path":"/var/lib/odoo/.vscode-remote/extensions/extensions.json","scheme":"file"}
2025-03-09 14:06:21.798 [debug] Using cached extensions scan result system file:///vscode/bin/linux-x64/6609ac3d66f4eade5cf376d1cb76f13985724bcb/extensions
2025-03-09 14:06:21.798 [trace] Scanned system extensions: 32
2025-03-09 14:06:21.801 [trace] Scanned user extensions: 2
2025-03-09 14:06:21.805 [trace] Started scanning user extensions {"$mid":1,"fsPath":"/var/lib/odoo/.vscode-remote/extensions/extensions.json","external":"file:///var/lib/odoo/.vscode-remote/extensions/extensions.json","path":"/var/lib/odoo/.vscode-remote/extensions/extensions.json","scheme":"file"}
2025-03-09 14:06:21.808 [trace] Scanned user extensions: 2
2025-03-09 14:06:21.812 [trace] ExtensionGalleryService#download ms-python.python
2025-03-09 14:06:21.812 [trace] resolveShellEnv(): skipped (--force-disable-user-env)
2025-03-09 14:06:21.813 [trace] #37: https://ms-python.gallery.vsassets.io/_apis/public/gallery/publisher/ms-python/extension/python/2025.2.0/assetbyname/Microsoft.VisualStudio.Services.VSIXPackage?redirect=true&targetPlatform=linux-x64&install=true - begin GET {"X-Market-Client-Id":"VSCode 1.98.0","User-Agent":"VSCode 1.98.0 (Code)","X-Market-User-Id":"6883bc5e-bfec-42bf-881d-0a51cc9bd853","VSCode-SessionId":"bc40e706dcf23ef41694c6d206f52b81b1842c731bdb760d15e6d3ad7f08608a","X-Market-Search-Activity-Id":"f43f498a-f1b7-4d63-bfb3-a3ef8630a773"}
2025-03-09 14:06:21.816 [trace] ExtensionGalleryService#downloadSignatureArchive charliermarsh.ruff
2025-03-09 14:06:21.817 [trace] resolveShellEnv(): skipped (--force-disable-user-env)
2025-03-09 14:06:21.817 [trace] #38: https://charliermarsh.gallerycdn.vsassets.io/extensions/charliermarsh/ruff/2025.14.0/1740738902848/Microsoft.VisualStudio.Services.VsixSignature?targetPlatform=linux-x64 - begin GET {"X-Market-Client-Id":"VSCode 1.98.0","User-Agent":"VSCode 1.98.0 (Code)","X-Market-User-Id":"6883bc5e-bfec-42bf-881d-0a51cc9bd853","VSCode-SessionId":"bc40e706dcf23ef41694c6d206f52b81b1842c731bdb760d15e6d3ad7f08608a"}
2025-03-09 14:06:21.822 [trace] ExtensionGalleryService#downloadSignatureArchive ms-python.debugpy
2025-03-09 14:06:21.822 [trace] resolveShellEnv(): skipped (--force-disable-user-env)
2025-03-09 14:06:21.823 [trace] #39: https://ms-python.gallerycdn.vsassets.io/extensions/ms-python/debugpy/2025.4.0/1741202013741/Microsoft.VisualStudio.Services.VsixSignature?targetPlatform=linux-x64 - begin GET {"X-Market-Client-Id":"VSCode 1.98.0","User-Agent":"VSCode 1.98.0 (Code)","X-Market-User-Id":"6883bc5e-bfec-42bf-881d-0a51cc9bd853","VSCode-SessionId":"bc40e706dcf23ef41694c6d206f52b81b1842c731bdb760d15e6d3ad7f08608a"}
2025-03-09 14:06:21.824 [trace] #38: https://charliermarsh.gallerycdn.vsassets.io/extensions/charliermarsh/ruff/2025.14.0/1740738902848/Microsoft.VisualStudio.Services.VsixSignature?targetPlatform=linux-x64 - end GET 200 {"cache-control":"public, max-age=31536000","content-length":"18883","content-type":"application/zip","last-modified":"Fri, 28 Feb 2025 10:39:22 GMT","etag":"0x8DD57E42A11DE34","x-ms-request-id":"1d055280-101e-00d5-52cd-890e68000000","x-ms-version":"2009-09-19","x-ms-lease-status":"unlocked","x-ms-blob-type":"BlockBlob","access-control-expose-headers":"x-ms-request-id,Server,x-ms-version,Content-Type,Cache-Control,Last-Modified,ETag,x-ms-lease-status,x-ms-blob-type,Content-Length,Date,Transfer-Encoding","access-control-allow-origin":"*","date":"Sun, 09 Mar 2025 14:06:21 GMT","connection":"keep-alive"}
2025-03-09 14:06:21.828 [trace] Verifying extension signature for charliermarsh.ruff...
2025-03-09 14:06:21.838 [trace] #39: https://ms-python.gallerycdn.vsassets.io/extensions/ms-python/debugpy/2025.4.0/1741202013741/Microsoft.VisualStudio.Services.VsixSignature?targetPlatform=linux-x64 - end GET 200 {"cache-control":"public, max-age=31536000","content-length":"28810","content-type":"application/zip","last-modified":"Wed, 05 Mar 2025 19:17:16 GMT","etag":"0x8DD5C1A57D675B5","x-ms-request-id":"cfa822c4-601e-00b8-3f03-8e9cc9000000","x-ms-version":"2009-09-19","x-ms-lease-status":"unlocked","x-ms-blob-type":"BlockBlob","access-control-expose-headers":"x-ms-request-id,Server,x-ms-version,Content-Type,Cache-Control,Last-Modified,ETag,x-ms-lease-status,x-ms-blob-type,Content-Length,Date,Transfer-Encoding","access-control-allow-origin":"*","date":"Sun, 09 Mar 2025 14:06:21 GMT","connection":"keep-alive"}
2025-03-09 14:06:21.842 [trace] Verifying extension signature for ms-python.debugpy...
2025-03-09 14:06:22.028 [trace] #37: https://ms-python.gallery.vsassets.io/_apis/public/gallery/publisher/ms-python/extension/python/2025.2.0/assetbyname/Microsoft.VisualStudio.Services.VSIXPackage?redirect=true&targetPlatform=linux-x64&install=true - end GET 200 {"cache-control":"public, max-age=31536000","content-length":"10751351","content-type":"application/zip","last-modified":"Wed, 05 Mar 2025 18:42:07 GMT","etag":"0x8DD5C156EAB27BB","x-ms-request-id":"dd49e252-301e-0009-45fe-8dc471000000","x-ms-version":"2009-09-19","x-ms-lease-status":"unlocked","x-ms-blob-type":"BlockBlob","access-control-expose-headers":"x-ms-request-id,Server,x-ms-version,Content-Type,Cache-Control,Last-Modified,ETag,x-ms-lease-status,x-ms-blob-type,Content-Length,Date,Transfer-Encoding","access-control-allow-origin":"*","date":"Sun, 09 Mar 2025 14:06:22 GMT","connection":"keep-alive"}
2025-03-09 14:06:22.183 [trace] ExtensionGalleryService#downloadSignatureArchive ms-python.python
2025-03-09 14:06:22.184 [trace] resolveShellEnv(): skipped (--force-disable-user-env)
2025-03-09 14:06:22.185 [trace] #40: https://ms-python.gallerycdn.vsassets.io/extensions/ms-python/python/2025.2.0/1741200125973/Microsoft.VisualStudio.Services.VsixSignature?targetPlatform=linux-x64 - begin GET {"X-Market-Client-Id":"VSCode 1.98.0","User-Agent":"VSCode 1.98.0 (Code)","X-Market-User-Id":"6883bc5e-bfec-42bf-881d-0a51cc9bd853","VSCode-SessionId":"bc40e706dcf23ef41694c6d206f52b81b1842c731bdb760d15e6d3ad7f08608a"}
2025-03-09 14:06:22.203 [trace] #40: https://ms-python.gallerycdn.vsassets.io/extensions/ms-python/python/2025.2.0/1741200125973/Microsoft.VisualStudio.Services.VsixSignature?targetPlatform=linux-x64 - end GET 200 {"cache-control":"public, max-age=31536000","content-length":"113932","content-type":"application/zip","last-modified":"Wed, 05 Mar 2025 18:45:17 GMT","etag":"0x8DD5C15DF8BE7D0","x-ms-request-id":"7cb7a51d-501e-00eb-1afe-8d9917000000","x-ms-version":"2009-09-19","x-ms-lease-status":"unlocked","x-ms-blob-type":"BlockBlob","access-control-expose-headers":"x-ms-request-id,Server,x-ms-version,Content-Type,Cache-Control,Last-Modified,ETag,x-ms-lease-status,x-ms-blob-type,Content-Length,Date,Transfer-Encoding","access-control-allow-origin":"*","date":"Sun, 09 Mar 2025 14:06:22 GMT","connection":"keep-alive"}
2025-03-09 14:06:22.220 [trace] Verifying extension signature for ms-python.python...
2025-03-09 14:06:22.232 [trace] resolveShellEnv(): skipped (--force-disable-user-env)
2025-03-09 14:06:22.233 [trace] #41: https://mobile.events.data.microsoft.com/OneCollector/1.0?cors=true&content-type=application/x-json-stream - begin POST {"Client-Id":"NO_AUTH","client-version":"1DS-Web-JS-3.2.13","apikey":"5bbf946d11a54f6783919c455abaddaf-fd62977b-c92d-4714-a45d-649d06980372-7168","upload-time":"1741529182231","time-delta-to-apply-millis":"541","cache-control":"no-cache, no-store","content-type":"application/x-json-stream","Content-Type":"application/json","Content-Length":"26981"}
2025-03-09 14:06:22.970 [trace] #41: https://mobile.events.data.microsoft.com/OneCollector/1.0?cors=true&content-type=application/x-json-stream - end POST 200 {"content-length":"10","content-type":"application/json","server":"Microsoft-HTTPAPI/2.0","strict-transport-security":"max-age=31536000","time-delta-millis":"514","access-control-allow-headers":"time-delta-millis","access-control-allow-methods":"POST","access-control-allow-credentials":"true","access-control-allow-origin":"*","access-control-expose-headers":"time-delta-millis","date":"Sun, 09 Mar 2025 14:06:22 GMT"}
2025-03-09 14:06:23.508 [trace] ExtensionGalleryService#downloadSignatureArchive ms-python.vscode-pylance
2025-03-09 14:06:23.508 [trace] resolveShellEnv(): skipped (--force-disable-user-env)
2025-03-09 14:06:23.509 [trace] #42: https://ms-python.gallerycdn.vsassets.io/extensions/ms-python/vscode-pylance/2025.3.1/1741221073550/Microsoft.VisualStudio.Services.VsixSignature - begin GET {"X-Market-Client-Id":"VSCode 1.98.0","User-Agent":"VSCode 1.98.0 (Code)","X-Market-User-Id":"6883bc5e-bfec-42bf-881d-0a51cc9bd853","VSCode-SessionId":"bc40e706dcf23ef41694c6d206f52b81b1842c731bdb760d15e6d3ad7f08608a"}
2025-03-09 14:06:23.516 [trace] #42: https://ms-python.gallerycdn.vsassets.io/extensions/ms-python/vscode-pylance/2025.3.1/1741221073550/Microsoft.VisualStudio.Services.VsixSignature - end GET 200 {"cache-control":"public, max-age=31536000","content-length":"358313","content-type":"application/zip","last-modified":"Thu, 06 Mar 2025 00:38:18 GMT","etag":"0x8DD5C473067C595","x-ms-request-id":"358b0944-201e-0077-4e30-8e3471000000","x-ms-version":"2009-09-19","x-ms-lease-status":"unlocked","x-ms-blob-type":"BlockBlob","access-control-expose-headers":"x-ms-request-id,Server,x-ms-version,Content-Type,Cache-Control,Last-Modified,ETag,x-ms-lease-status,x-ms-blob-type,Content-Length,Date,Transfer-Encoding","access-control-allow-origin":"*","date":"Sun, 09 Mar 2025 14:06:23 GMT","connection":"keep-alive"}
2025-03-09 14:06:23.523 [trace] Verifying extension signature for ms-python.vscode-pylance...
2025-03-09 14:06:24.821 [info] Extension signature verification result for charliermarsh.ruff: Success. Internal Code: 0. Executed: true. Duration: 2993ms.
2025-03-09 14:06:24.827 [trace] Extension signature verification output for charliermarsh.ruff:
Package file size:  12402532
Signature archive file size:  18883
Manifest file size:  34280
Signature file size:  12123
Manifest file hash:  UwDOOBb7gGB4gEI7QWOXqjoAYfYIUGOR7g6AHSmwDpY=
Signature file hash:  1dH/ciQ3H4EhsNrR4tkz+R1NXA9p75vTlRv9+42DAbA=
Package file hash:  XRdrZ+NHqtv7KCAvk0PX99SQxVDhdnbNOszqXdTnFnk=
ManifestPackageIntegrityPolicy succeeded.
SignatureIntegrityPolicy for primary signature succeeded.
SignatureValidityPolicy for primary signature succeeded.
SignatureIntegrityPolicy for primary timestamp signature succeeded.
SignatureValidityPolicy for primary timestamp signature succeeded.
X.509 certificate chain validation will use the fallback certificate bundle for timestamping.
SignatureTrustPolicy for repository primary signature timestamp signature succeeded.
X.509 certificate chain validation will use the fallback certificate bundle for code signing.
SignatureTrustPolicy for repository primary signature succeeded.
RepositoryCountersignaturePolicy for repository primary signature succeeded.
Primary signature type:  repository primary signature
Primary signature status:  OK
Timestamp signature status:  OK
Exit code:  Success

2025-03-09 14:06:25.015 [info] Extension signature verification result for ms-python.debugpy: Success. Internal Code: 0. Executed: true. Duration: 3173ms.
2025-03-09 14:06:25.016 [trace] Extension signature verification output for ms-python.debugpy:
Package file size:  8952673
Signature archive file size:  28810
Manifest file size:  68884
Signature file size:  19230
Manifest file hash:  xyeRMRZG5tcgFoxL11DCraBzfVXY/V8OineUDlLaL3A=
Signature file hash:  psItg0xpFP0pPE/qY33BJGdgI8SNkbhSONJciZGWRwQ=
Package file hash:  5EjZgIkE2sbGjKHr+MD6k1VXYc2c1PfT3hIcYRAgijI=
ManifestPackageIntegrityPolicy succeeded.
SignatureIntegrityPolicy for primary signature succeeded.
SignatureValidityPolicy for primary signature succeeded.
SignatureIntegrityPolicy for primary timestamp signature succeeded.
SignatureValidityPolicy for primary timestamp signature succeeded.
X.509 certificate chain validation will use the fallback certificate bundle for timestamping.
SignatureTrustPolicy for publisher primary signature timestamp signature succeeded.
X.509 certificate chain validation will use the fallback certificate bundle for code signing.
SignatureTrustPolicy for publisher primary signature succeeded.
SignatureIntegrityPolicy for repository countersignature succeeded.
SignatureValidityPolicy for repository countersignature succeeded.
SignatureIntegrityPolicy for repository countersignature timestamp signature succeeded.
SignatureValidityPolicy for repository countersignature timestamp signature succeeded.
SignatureTrustPolicy for repository countersignature timestamp signature succeeded.
SignatureTrustPolicy for repository countersignature succeeded.
RepositoryCountersignaturePolicy for repository countersignature succeeded with OK.
Primary signature type:  publisher primary signature
Primary signature status:  OK
Timestamp signature status:  OK
Repository countersignature status:  OK
Repository countersignature timestamp status:  OK
Exit code:  Success

2025-03-09 14:06:25.029 [trace] Started extracting the extension from /var/lib/odoo/.vscode-remote/extensionsCache/charliermarsh.ruff-2025.14.0-linux-x64 to /var/lib/odoo/.vscode-remote/extensions/charliermarsh.ruff-2025.14.0-linux-x64
2025-03-09 14:06:25.034 [trace] [File Watcher (node.js)] [raw] ["rename"] .e52747c2-de9c-45c6-a82c-a3617eff9262
2025-03-09 14:06:25.046 [trace] Started extracting the extension from /var/lib/odoo/.vscode-remote/extensionsCache/ms-python.debugpy-2025.4.0-linux-x64 to /var/lib/odoo/.vscode-remote/extensions/ms-python.debugpy-2025.4.0-linux-x64
2025-03-09 14:06:25.049 [trace] [File Watcher (node.js)] [raw] ["rename"] .f175e9a1-f3ff-47f2-a396-9b43be23ca6c
2025-03-09 14:06:25.135 [trace] [File Watcher (node.js)] [ADDED] /var/lib/odoo/.vscode-remote/extensions/.e52747c2-de9c-45c6-a82c-a3617eff9262
2025-03-09 14:06:25.149 [trace] [File Watcher (node.js)] [ADDED] /var/lib/odoo/.vscode-remote/extensions/.f175e9a1-f3ff-47f2-a396-9b43be23ca6c
2025-03-09 14:06:25.211 [trace] [File Watcher (node.js)]  >> normalized [ADDED] /var/lib/odoo/.vscode-remote/extensions/.e52747c2-de9c-45c6-a82c-a3617eff9262
2025-03-09 14:06:25.212 [trace] [File Watcher (node.js)]  >> normalized [ADDED] /var/lib/odoo/.vscode-remote/extensions/.f175e9a1-f3ff-47f2-a396-9b43be23ca6c
2025-03-09 14:06:25.746 [info] Extension signature verification result for ms-python.python: Success. Internal Code: 0. Executed: true. Duration: 3526ms.
2025-03-09 14:06:25.746 [trace] Extension signature verification output for ms-python.python:
Package file size:  10751351
Signature archive file size:  113932
Manifest file size:  479136
Signature file size:  19227
Manifest file hash:  GvMCgRcR3gyHtmqvHp+jChvHA28/sXiwigmpQlHT640=
Signature file hash:  LPgRb5nqTnYc8SJkJfHuNPu8Et7FLLEY9Be54PtC98U=
Package file hash:  gJLOmb2fC7yxausLWP7wzZ4fv6Z4zZf/BwB5r1Nyei8=
ManifestPackageIntegrityPolicy succeeded.
SignatureIntegrityPolicy for primary signature succeeded.
SignatureValidityPolicy for primary signature succeeded.
SignatureIntegrityPolicy for primary timestamp signature succeeded.
SignatureValidityPolicy for primary timestamp signature succeeded.
X.509 certificate chain validation will use the fallback certificate bundle for timestamping.
SignatureTrustPolicy for publisher primary signature timestamp signature succeeded.
X.509 certificate chain validation will use the fallback certificate bundle for code signing.
SignatureTrustPolicy for publisher primary signature succeeded.
SignatureIntegrityPolicy for repository countersignature succeeded.
SignatureValidityPolicy for repository countersignature succeeded.
SignatureIntegrityPolicy for repository countersignature timestamp signature succeeded.
SignatureValidityPolicy for repository countersignature timestamp signature succeeded.
SignatureTrustPolicy for repository countersignature timestamp signature succeeded.
SignatureTrustPolicy for repository countersignature succeeded.
RepositoryCountersignaturePolicy for repository countersignature succeeded with OK.
Primary signature type:  publisher primary signature
Primary signature status:  OK
Timestamp signature status:  OK
Repository countersignature status:  OK
Repository countersignature timestamp status:  OK
Exit code:  Success

2025-03-09 14:06:25.779 [trace] Started extracting the extension from /var/lib/odoo/.vscode-remote/extensionsCache/ms-python.python-2025.2.0-linux-x64 to /var/lib/odoo/.vscode-remote/extensions/ms-python.python-2025.2.0-linux-x64
2025-03-09 14:06:25.791 [trace] [File Watcher (node.js)] [raw] ["rename"] .9def46a5-036d-43cd-8063-766bdccdc78e
2025-03-09 14:06:25.892 [trace] [File Watcher (node.js)] [ADDED] /var/lib/odoo/.vscode-remote/extensions/.9def46a5-036d-43cd-8063-766bdccdc78e
2025-03-09 14:06:25.968 [trace] [File Watcher (node.js)]  >> normalized [ADDED] /var/lib/odoo/.vscode-remote/extensions/.9def46a5-036d-43cd-8063-766bdccdc78e
2025-03-09 14:06:26.525 [info] Extension signature verification result for ms-python.vscode-pylance: Success. Internal Code: 0. Executed: true. Duration: 3002ms.
2025-03-09 14:06:26.526 [trace] Extension signature verification output for ms-python.vscode-pylance:
Package file size:  24752872
Signature archive file size:  358313
Manifest file size:  1380772
Signature file size:  19228
Manifest file hash:  HS9bRKDMpR+GvTTxRuOHQBf3cFwseYr6qCSC8iGl5tI=
Signature file hash:  +9ylhoQ/NwyoyWhP4mDunzI0xYn0kpVnNOSk4krXOP8=
Package file hash:  W7+nwMwoux2m3ZWlgne8XQApsHsqynnTp4WgMa8RHvQ=
ManifestPackageIntegrityPolicy succeeded.
SignatureIntegrityPolicy for primary signature succeeded.
SignatureValidityPolicy for primary signature succeeded.
SignatureIntegrityPolicy for primary timestamp signature succeeded.
SignatureValidityPolicy for primary timestamp signature succeeded.
X.509 certificate chain validation will use the fallback certificate bundle for timestamping.
SignatureTrustPolicy for publisher primary signature timestamp signature succeeded.
X.509 certificate chain validation will use the fallback certificate bundle for code signing.
SignatureTrustPolicy for publisher primary signature succeeded.
SignatureIntegrityPolicy for repository countersignature succeeded.
SignatureValidityPolicy for repository countersignature succeeded.
SignatureIntegrityPolicy for repository countersignature timestamp signature succeeded.
SignatureValidityPolicy for repository countersignature timestamp signature succeeded.
SignatureTrustPolicy for repository countersignature timestamp signature succeeded.
SignatureTrustPolicy for repository countersignature succeeded.
RepositoryCountersignaturePolicy for repository countersignature succeeded with OK.
Primary signature type:  publisher primary signature
Primary signature status:  OK
Timestamp signature status:  OK
Repository countersignature status:  OK
Repository countersignature timestamp status:  OK
Exit code:  Success

2025-03-09 14:06:26.694 [info] Extracted extension to file:///var/lib/odoo/.vscode-remote/extensions/charliermarsh.ruff-2025.14.0-linux-x64: charliermarsh.ruff
2025-03-09 14:06:26.741 [trace] Started renaming the extension from /var/lib/odoo/.vscode-remote/extensions/.e52747c2-de9c-45c6-a82c-a3617eff9262 to /var/lib/odoo/.vscode-remote/extensions/charliermarsh.ruff-2025.14.0-linux-x64
2025-03-09 14:06:26.742 [trace] [File Watcher (node.js)] [raw] ["rename"] .e52747c2-de9c-45c6-a82c-a3617eff9262
2025-03-09 14:06:26.742 [trace] [File Watcher (node.js)] [raw] ["rename"] charliermarsh.ruff-2025.14.0-linux-x64
2025-03-09 14:06:26.742 [info] Renamed to /var/lib/odoo/.vscode-remote/extensions/charliermarsh.ruff-2025.14.0-linux-x64
2025-03-09 14:06:26.748 [trace] [File Watcher (node.js)] [raw] ["change"] extensions.json
2025-03-09 14:06:26.748 [trace] [File Watcher (node.js)] [CHANGED] /var/lib/odoo/.vscode-remote/extensions/extensions.json
2025-03-09 14:06:26.749 [trace] [File Watcher (node.js)] [raw] ["change"] extensions.json
2025-03-09 14:06:26.749 [trace] [File Watcher (node.js)] [CHANGED] /var/lib/odoo/.vscode-remote/extensions/extensions.json
2025-03-09 14:06:26.749 [trace] [File Watcher (node.js)] [raw] ["change"] extensions.json
2025-03-09 14:06:26.749 [trace] [File Watcher (node.js)] [CHANGED] /var/lib/odoo/.vscode-remote/extensions/extensions.json
2025-03-09 14:06:26.749 [trace] [File Watcher (node.js)] [raw] ["change"] extensions.json
2025-03-09 14:06:26.749 [trace] [File Watcher (node.js)] [CHANGED] /var/lib/odoo/.vscode-remote/extensions/extensions.json
2025-03-09 14:06:26.752 [trace] Started scanning user extensions {"$mid":1,"fsPath":"/var/lib/odoo/.vscode-remote/extensions/extensions.json","external":"file:///var/lib/odoo/.vscode-remote/extensions/extensions.json","path":"/var/lib/odoo/.vscode-remote/extensions/extensions.json","scheme":"file"}
2025-03-09 14:06:26.758 [trace] Scanned user extensions: 3
2025-03-09 14:06:26.824 [trace] [File Watcher (node.js)]  >> normalized [CHANGED] /var/lib/odoo/.vscode-remote/extensions/extensions.json
2025-03-09 14:06:26.825 [trace] [File Watcher (node.js)]  >> normalized [CHANGED] /var/lib/odoo/.vscode-remote/extensions/extensions.json
2025-03-09 14:06:26.836 [trace] resolveShellEnv(): skipped (--force-disable-user-env)
2025-03-09 14:06:26.837 [trace] #43: https://mobile.events.data.microsoft.com/OneCollector/1.0?cors=true&content-type=application/x-json-stream - begin POST {"Client-Id":"NO_AUTH","client-version":"1DS-Web-JS-3.2.13","apikey":"5bbf946d11a54f6783919c455abaddaf-fd62977b-c92d-4714-a45d-649d06980372-7168","upload-time":"1741529186836","time-delta-to-apply-millis":"541","cache-control":"no-cache, no-store","content-type":"application/x-json-stream","Content-Type":"application/json","Content-Length":"6485"}
2025-03-09 14:06:26.842 [trace] [File Watcher (node.js)] [DELETED] /var/lib/odoo/.vscode-remote/extensions/.e52747c2-de9c-45c6-a82c-a3617eff9262
2025-03-09 14:06:26.842 [trace] [File Watcher (node.js)] [ADDED] /var/lib/odoo/.vscode-remote/extensions/charliermarsh.ruff-2025.14.0-linux-x64
2025-03-09 14:06:26.911 [info] Extracted extension to file:///var/lib/odoo/.vscode-remote/extensions/ms-python.debugpy-2025.4.0-linux-x64: ms-python.debugpy
2025-03-09 14:06:26.916 [trace] [File Watcher (node.js)]  >> normalized [DELETED] /var/lib/odoo/.vscode-remote/extensions/.e52747c2-de9c-45c6-a82c-a3617eff9262
2025-03-09 14:06:26.917 [trace] [File Watcher (node.js)]  >> normalized [ADDED] /var/lib/odoo/.vscode-remote/extensions/charliermarsh.ruff-2025.14.0-linux-x64
2025-03-09 14:06:26.953 [trace] Started renaming the extension from /var/lib/odoo/.vscode-remote/extensions/.f175e9a1-f3ff-47f2-a396-9b43be23ca6c to /var/lib/odoo/.vscode-remote/extensions/ms-python.debugpy-2025.4.0-linux-x64
2025-03-09 14:06:26.953 [trace] [File Watcher (node.js)] [raw] ["rename"] .f175e9a1-f3ff-47f2-a396-9b43be23ca6c
2025-03-09 14:06:26.953 [trace] [File Watcher (node.js)] [raw] ["rename"] ms-python.debugpy-2025.4.0-linux-x64
2025-03-09 14:06:26.954 [info] Renamed to /var/lib/odoo/.vscode-remote/extensions/ms-python.debugpy-2025.4.0-linux-x64
2025-03-09 14:06:26.962 [trace] [File Watcher (node.js)] [raw] ["change"] extensions.json
2025-03-09 14:06:26.962 [trace] [File Watcher (node.js)] [CHANGED] /var/lib/odoo/.vscode-remote/extensions/extensions.json
2025-03-09 14:06:26.962 [trace] [File Watcher (node.js)] [raw] ["change"] extensions.json
2025-03-09 14:06:26.962 [trace] [File Watcher (node.js)] [CHANGED] /var/lib/odoo/.vscode-remote/extensions/extensions.json
2025-03-09 14:06:26.963 [trace] [File Watcher (node.js)] [raw] ["change"] extensions.json
2025-03-09 14:06:26.963 [trace] [File Watcher (node.js)] [CHANGED] /var/lib/odoo/.vscode-remote/extensions/extensions.json
2025-03-09 14:06:26.963 [trace] [File Watcher (node.js)] [raw] ["change"] extensions.json
2025-03-09 14:06:26.963 [trace] [File Watcher (node.js)] [CHANGED] /var/lib/odoo/.vscode-remote/extensions/extensions.json
2025-03-09 14:06:26.965 [trace] Started scanning user extensions {"$mid":1,"fsPath":"/var/lib/odoo/.vscode-remote/extensions/extensions.json","external":"file:///var/lib/odoo/.vscode-remote/extensions/extensions.json","path":"/var/lib/odoo/.vscode-remote/extensions/extensions.json","scheme":"file"}
2025-03-09 14:06:26.971 [trace] Scanned user extensions: 4
2025-03-09 14:06:27.037 [trace] [File Watcher (node.js)]  >> normalized [CHANGED] /var/lib/odoo/.vscode-remote/extensions/extensions.json
2025-03-09 14:06:27.038 [trace] [File Watcher (node.js)]  >> normalized [CHANGED] /var/lib/odoo/.vscode-remote/extensions/extensions.json
2025-03-09 14:06:27.053 [trace] [File Watcher (node.js)] [DELETED] /var/lib/odoo/.vscode-remote/extensions/.f175e9a1-f3ff-47f2-a396-9b43be23ca6c
2025-03-09 14:06:27.053 [trace] [File Watcher (node.js)] [ADDED] /var/lib/odoo/.vscode-remote/extensions/ms-python.debugpy-2025.4.0-linux-x64
2025-03-09 14:06:27.127 [trace] [File Watcher (node.js)]  >> normalized [DELETED] /var/lib/odoo/.vscode-remote/extensions/.f175e9a1-f3ff-47f2-a396-9b43be23ca6c
2025-03-09 14:06:27.127 [trace] [File Watcher (node.js)]  >> normalized [ADDED] /var/lib/odoo/.vscode-remote/extensions/ms-python.debugpy-2025.4.0-linux-x64
2025-03-09 14:06:27.224 [trace] #43: https://mobile.events.data.microsoft.com/OneCollector/1.0?cors=true&content-type=application/x-json-stream - end POST 200 {"content-length":"9","content-type":"application/json","server":"Microsoft-HTTPAPI/2.0","strict-transport-security":"max-age=31536000","time-delta-millis":"363","access-control-allow-headers":"Connection,time-delta-millis","access-control-allow-methods":"POST","access-control-allow-credentials":"true","access-control-allow-origin":"*","access-control-expose-headers":"time-delta-millis","date":"Sun, 09 Mar 2025 14:06:26 GMT","connection":"close"}
2025-03-09 14:06:27.965 [trace] Started extracting the extension from /var/lib/odoo/.vscode-remote/extensionsCache/ms-python.vscode-pylance-2025.3.1 to /var/lib/odoo/.vscode-remote/extensions/ms-python.vscode-pylance-2025.3.1
2025-03-09 14:06:27.966 [trace] [File Watcher (node.js)] [raw] ["rename"] .f0496d1b-5609-43cd-ab48-edd26143e011
2025-03-09 14:06:28.067 [trace] [File Watcher (node.js)] [ADDED] /var/lib/odoo/.vscode-remote/extensions/.f0496d1b-5609-43cd-ab48-edd26143e011
2025-03-09 14:06:28.142 [trace] [File Watcher (node.js)]  >> normalized [ADDED] /var/lib/odoo/.vscode-remote/extensions/.f0496d1b-5609-43cd-ab48-edd26143e011
2025-03-09 14:06:28.692 [info] Extracted extension to file:///var/lib/odoo/.vscode-remote/extensions/ms-python.python-2025.2.0-linux-x64: ms-python.python
2025-03-09 14:06:28.895 [trace] Started renaming the extension from /var/lib/odoo/.vscode-remote/extensions/.9def46a5-036d-43cd-8063-766bdccdc78e to /var/lib/odoo/.vscode-remote/extensions/ms-python.python-2025.2.0-linux-x64
2025-03-09 14:06:28.895 [info] Renamed to /var/lib/odoo/.vscode-remote/extensions/ms-python.python-2025.2.0-linux-x64
2025-03-09 14:06:28.896 [trace] [File Watcher (node.js)] [raw] ["rename"] .9def46a5-036d-43cd-8063-766bdccdc78e
2025-03-09 14:06:28.896 [trace] [File Watcher (node.js)] [raw] ["rename"] ms-python.python-2025.2.0-linux-x64
2025-03-09 14:06:28.905 [trace] [File Watcher (node.js)] [raw] ["change"] extensions.json
2025-03-09 14:06:28.905 [trace] [File Watcher (node.js)] [CHANGED] /var/lib/odoo/.vscode-remote/extensions/extensions.json
2025-03-09 14:06:28.905 [trace] [File Watcher (node.js)] [raw] ["change"] extensions.json
2025-03-09 14:06:28.905 [trace] [File Watcher (node.js)] [CHANGED] /var/lib/odoo/.vscode-remote/extensions/extensions.json
2025-03-09 14:06:28.906 [trace] [File Watcher (node.js)] [raw] ["change"] extensions.json
2025-03-09 14:06:28.906 [trace] [File Watcher (node.js)] [CHANGED] /var/lib/odoo/.vscode-remote/extensions/extensions.json
2025-03-09 14:06:28.906 [trace] [File Watcher (node.js)] [raw] ["change"] extensions.json
2025-03-09 14:06:28.906 [trace] [File Watcher (node.js)] [CHANGED] /var/lib/odoo/.vscode-remote/extensions/extensions.json
2025-03-09 14:06:28.909 [trace] Started scanning user extensions {"$mid":1,"fsPath":"/var/lib/odoo/.vscode-remote/extensions/extensions.json","external":"file:///var/lib/odoo/.vscode-remote/extensions/extensions.json","path":"/var/lib/odoo/.vscode-remote/extensions/extensions.json","scheme":"file"}
2025-03-09 14:06:28.926 [trace] Scanned user extensions: 5
2025-03-09 14:06:28.973 [trace] resolveShellEnv(): skipped (--force-disable-user-env)
2025-03-09 14:06:28.973 [trace] #44: https://mobile.events.data.microsoft.com/OneCollector/1.0?cors=true&content-type=application/x-json-stream - begin POST {"Client-Id":"NO_AUTH","client-version":"1DS-Web-JS-3.2.13","apikey":"5bbf946d11a54f6783919c455abaddaf-fd62977b-c92d-4714-a45d-649d06980372-7168","upload-time":"1741529188973","time-delta-to-apply-millis":"541","cache-control":"no-cache, no-store","content-type":"application/x-json-stream","Content-Type":"application/json","Content-Length":"3096"}
2025-03-09 14:06:28.979 [trace] [File Watcher (node.js)]  >> normalized [CHANGED] /var/lib/odoo/.vscode-remote/extensions/extensions.json
2025-03-09 14:06:28.980 [trace] [File Watcher (node.js)]  >> normalized [CHANGED] /var/lib/odoo/.vscode-remote/extensions/extensions.json
2025-03-09 14:06:28.995 [trace] [File Watcher (node.js)] [DELETED] /var/lib/odoo/.vscode-remote/extensions/.9def46a5-036d-43cd-8063-766bdccdc78e
2025-03-09 14:06:28.996 [trace] [File Watcher (node.js)] [ADDED] /var/lib/odoo/.vscode-remote/extensions/ms-python.python-2025.2.0-linux-x64
2025-03-09 14:06:29.070 [trace] [File Watcher (node.js)]  >> normalized [DELETED] /var/lib/odoo/.vscode-remote/extensions/.9def46a5-036d-43cd-8063-766bdccdc78e
2025-03-09 14:06:29.070 [trace] [File Watcher (node.js)]  >> normalized [ADDED] /var/lib/odoo/.vscode-remote/extensions/ms-python.python-2025.2.0-linux-x64
2025-03-09 14:06:29.459 [trace] #44: https://mobile.events.data.microsoft.com/OneCollector/1.0?cors=true&content-type=application/x-json-stream - end POST 200 {"content-length":"9","content-type":"application/json","server":"Microsoft-HTTPAPI/2.0","strict-transport-security":"max-age=31536000","time-delta-millis":"437","access-control-allow-headers":"time-delta-millis","access-control-allow-methods":"POST","access-control-allow-credentials":"true","access-control-allow-origin":"*","access-control-expose-headers":"time-delta-millis","date":"Sun, 09 Mar 2025 14:06:29 GMT"}
2025-03-09 14:06:32.310 [info] [127.0.0.1][24614e25][ManagementConnection] New connection established.
2025-03-09 14:06:32.704 [trace] [127.0.0.1][4807a158][ExtensionHostConnection] - startParams language: en
2025-03-09 14:06:32.704 [trace] [127.0.0.1][4807a158][ExtensionHostConnection] - startParams env: {}
2025-03-09 14:06:32.705 [info] [127.0.0.1][4807a158][ExtensionHostConnection] New connection established.
2025-03-09 14:06:32.706 [trace] resolveShellEnv(): skipped (--force-disable-user-env)
2025-03-09 14:06:32.711 [info] [127.0.0.1][4807a158][ExtensionHostConnection] <583> Launched Extension Host Process.
2025-03-09 14:06:32.845 [trace] Started scanning system extensions
2025-03-09 14:06:32.846 [trace] Started scanning user extensions {"$mid":1,"fsPath":"/var/lib/odoo/.vscode-remote/extensions/extensions.json","external":"file:///var/lib/odoo/.vscode-remote/extensions/extensions.json","path":"/var/lib/odoo/.vscode-remote/extensions/extensions.json","scheme":"file"}
2025-03-09 14:06:32.847 [trace] Started scanning user extensions {"$mid":1,"fsPath":"/var/lib/odoo/.vscode-remote/extensions/extensions.json","external":"file:///var/lib/odoo/.vscode-remote/extensions/extensions.json","path":"/var/lib/odoo/.vscode-remote/extensions/extensions.json","scheme":"file"}
2025-03-09 14:06:32.849 [info] Log level changed to info
2025-03-09 14:06:33.718 [error] ptyHost was unable to resolve shell environment Unable to resolve your shell environment: Unexpected exit code from spawned shell (code 1, signal null)
2025-03-09 14:06:33.719 [error] ptyHost was unable to resolve shell environment Unable to resolve your shell environment: Unexpected exit code from spawned shell (code 1, signal null)
2025-03-09 14:06:33.719 [error] ptyHost was unable to resolve shell environment Unable to resolve your shell environment: Unexpected exit code from spawned shell (code 1, signal null)
2025-03-09 14:06:33.719 [error] ptyHost was unable to resolve shell environment Unable to resolve your shell environment: Unexpected exit code from spawned shell (code 1, signal null)
2025-03-09 14:06:33.719 [error] ptyHost was unable to resolve shell environment Unable to resolve your shell environment: Unexpected exit code from spawned shell (code 1, signal null)
2025-03-09 14:06:35.318 [info] Extracted extension to file:///var/lib/odoo/.vscode-remote/extensions/ms-python.vscode-pylance-2025.3.1: ms-python.vscode-pylance
2025-03-09 14:06:36.076 [info] Renamed to /var/lib/odoo/.vscode-remote/extensions/ms-python.vscode-pylance-2025.3.1
2025-03-09 14:06:36.118 [info] Extension installed successfully: charliermarsh.ruff file:///var/lib/odoo/.vscode-remote/extensions/extensions.json
2025-03-09 14:06:36.118 [info] Extension installed successfully: ms-python.debugpy file:///var/lib/odoo/.vscode-remote/extensions/extensions.json
2025-03-09 14:06:36.118 [info] Extension installed successfully: ms-python.python file:///var/lib/odoo/.vscode-remote/extensions/extensions.json
2025-03-09 14:06:36.118 [info] Extension installed successfully: ms-python.vscode-pylance file:///var/lib/odoo/.vscode-remote/extensions/extensions.json
2025-03-09 14:06:36.122 [info] Extension 'charliermarsh.ruff' v2025.14.0 was successfully installed.
2025-03-09 14:06:36.123 [info] Extension 'ms-python.debugpy' v2025.4.0 was successfully installed.
2025-03-09 14:06:36.123 [info] Extension 'ms-python.python' v2025.2.0 was successfully installed.
2025-03-09 14:06:36.123 [info] Extension 'ms-python.vscode-pylance' v2025.3.1 was successfully installed.
2025-03-09 14:06:36.527 [error] [File Watcher] Unexpected error: inotify_add_watch on '/workspaces/odoo-devcontainer/data/odoo/.vscode-remote/extensions/.f0496d1b-5609-43cd-ab48-edd26143e011/dist/typeshed-fallback/stubs/influxdb-client/influxdb_client/_async' failed: No such file or directory (EUNKNOWN) (path: /workspaces/odoo-devcontainer)
2025-03-09 14:06:36.528 [error] [File Watcher (universal)] inotify_add_watch on '/workspaces/odoo-devcontainer/data/odoo/.vscode-remote/extensions/.f0496d1b-5609-43cd-ab48-edd26143e011/dist/typeshed-fallback/stubs/influxdb-client/influxdb_client/_async' failed: No such file or directory
2025-03-09 14:06:37.066 [error] ptyHost was unable to resolve shell environment Unable to resolve your shell environment: Unexpected exit code from spawned shell (code 1, signal null)
2025-03-09 14:06:37.442 [error] ptyHost was unable to resolve shell environment Unable to resolve your shell environment: Unexpected exit code from spawned shell (code 1, signal null)
2025-03-09 14:07:43.192 [error] ptyHost was unable to resolve shell environment Unable to resolve your shell environment: Unexpected exit code from spawned shell (code 1, signal null)
2025-03-09 14:07:47.979 [error] ptyHost was unable to resolve shell environment Unable to resolve your shell environment: Unexpected exit code from spawned shell (code 1, signal null)
2025-03-09 14:10:33.191 [info] [127.0.0.1][24614e25][ManagementConnection] The client has disconnected gracefully, so the connection will be disposed.
